Immagina di avere 1.000 euro in un conto corrente in cui cui ti viene riconosciuto un interesse annuo del 2% lordo per 5 anni e durante l'anno non,Più di 1.1000 euro,Meno di 1.100 euro,Esattamente 1.000 euro,Meno di 1.000 euro,Più di 1.1000 euro
Che cosa si presuppone di fare il budgeting?,Gestire l'emotività,Programmare l'attività settimanale lavorativa,Consolidare le entrate finanziarie,Mettere in evidenza ricavi e costi,Mettere in evidenza ricavi e costi
Quale è la differenza principale tra un libero professionista e un lavoratore dipendente?,Il libero professionista guadagna sicuramente di più,Nessuna,II dipendente guadagna sicuramente di più,Il vincolo di subordinazione,Il vincolo di subordinazione
Che cos'è il T.F.R.?,Tasso Fisso di Rendimento,Trattamento di Fine Rapporto,Trattamento di Fine Retribuzione,Treno Fino a Roma,Trattamento di Fine Rapporto
Quando va inserita la ritenuta d'acconto nella ricevuta di prestazione occasionale?,In tutte le occasioni,Quando il soggetto committente è un soggetto in regime forfettario,Quando il soggetto che emette la ricevuta è un libero professionista,Quando il soggetto committente è un soggetto passivo con iva ad esclusione di regime forfettario,Quando il soggetto committente è un soggetto passivo con iva ad esclusione di regime forfettario
Quali condizioni personali devo considerare quando prendo un finanziamento?,"Capacità di risparmio, reddito, patrimonio finanziario","Costi, tasso, piano ammortamento","Durata, tasso, costi",Nessuna delle precedenti,"Capacità di risparmio, reddito, patrimonio finanziario"
I soggetti in regime forfettario devono emettere la ritenuta d'acconto?,si,no,nei casi previsti dalla legge,nella misura fissa del 20%,no
Qual è la tassazione a scadenza di un fondo pensione o fondo negoziale?,20%,26%,massimo il 15% e minimo il 9%,tasso marginale irpef,26%
Cosa si applica I'IVA?,sul reddito,sulla busta paga,sull'acquisto di beni e servizi,sulle obbligazioni statali,sull'acquisto di beni e servizi
Nell'ambito di una corretta pianificazione finanziaria cosa si intende per protezione?,Piano il risparmio mensile ai fini della gestione dei rischi,Individuare quali sono i rischi che si corrono e decidere per quali è meglio proteggersi,Individuare il miglior investimento possibile in base alle mie esigenze,Nessuna delle precedenti,Individuare quali sono i rischi che si corrono e decidere per quali è meglio proteggersi
Quali sono i requisiti di costituzione del diritto d'autore,Novità e creatività,"Originalità, creatività",Creatività e deposito pubblico registro,Novità e deposito pubblico registro,"Originalità, creatività"
In cosa consistono i diritti morali d'autore,Diritto di vietare a terzi l'utilizzo della propria opera,Diritto di non vedere modificata la propria opera,"Diritto alla paternità, all'integrità ed inalienabilità",Diritto alla paternità ed alla immutabilità,"Diritto alla paternità, all'integrità ed inalienabilità"
Qual è la durata del diritto morale d'autore,Intera durata della vita dell'autore e per 70 anni dalla morte dell'autore per gli eredi,Intera durata della vita dell'autore,Intera durata vita autore e dopo la sua morte esercitabile dagli eredi senza limite di tempo,70 anni,Intera durata vita autore e dopo la sua morte esercitabile dagli eredi senza limite di tempo
In cosa consistono i diritti patrimoniali d'autore,Serie di facoltà a contenuto patrimoniale finalizzate a tutelare interessi dell'autore al controllo dell'utilizzo dell'opera esercitando il potere di esclusione di qualsiasi altro,Diritto a cedere liberamente le proprie opere contro denaro,Diritti di riproduzione e trascrizione,Diritti economici derivanti dalla messa in onda e/o pubblicazione delle proprie opere,Serie di facoltà a contenuto patrimoniale finalizzate a tutelare interessi dell'autore al controllo dell'utilizzo dell'opera esercitando il potere di esclusione di qualsiasi altro
Qual è la durata dei diritti patrimoniali d'autore,Tutta la vita dell'autore,70 anni dalla nascita del diritto,Tutta la vita dell'autore e 70 anni dopo la sua morte,Tutta la vita dell'autore e 50 anni dopo la sua morte,Tutta la vita dell'autore e 70 anni dopo la sua morte
Cosa sono le eccezioni e limitazioni,Riproduzioni a mano e fotocopie,Ipotesi in cui l'uso dell'opera protetta diviene libero da acquisizione consenso autore o si,,,Ipotesi in cui l'uso dell'opera protetta diviene libero da acquisizione consenso autore o si
Cosa sono le opere derivate,Opere create dallo stesso autore di una precedente opera,Opere create per altri mezzi di diffusione,Opere che traggono origine da opere cadute in pubblico dominio,Opere che traggono origine da una precedente creazione,Opere che traggono origine da una precedente creazione
"Quali sono le opere di ""pubblico dominio""",Opera nota a tutti che non necessita protezione,Opere che non sono mai entrate a far parte dell'ambito di protezione autoriale o che ne sono uscite con riferimento alla tutela dei diritti patrimoniali di autore a seguito del decorso del termine di protezione,Opere che sono uscite dell'ambito di protezione autoriale con riferimento alla tutela dei diritti patrimoniali e morali di autore,Opere straniere,Opere che non sono mai entrate a far parte dell'ambito di protezione autoriale o che ne sono uscite con riferimento alla tutela dei diritti patrimoniali di autore a seguito del decorso del termine di protezione
Cosa è un contratto di opzione,Contratto con il quale si cedono temporaneamente diritti autoriali contro un corrispettivo,Contratto con il quale l'autore sceglie come essere remunerato,Contratto di cessione dei diritti autoriali a terzi,Contratto con il quale un produttore sceglie i propri autori,Contratto con il quale si cedono temporaneamente diritti autoriali contro un corrispettivo
Chi sono gli autori di un'opera audiovisiva,Regista e compositore,"Sceneggiatore, regista e direttore della fotografia",Regista e montatore video,"Sceneggiatore, regista, attori e compositore colonna sonora originale","Sceneggiatore, regista, attori e compositore colonna sonora originale"
Cosa sono i diritti connessi,Diritti che collegano gli autori tra loro,Diritti correlati agli imprenditori del settore audiovisivo,Serie di esclusive che non nascono con la creazione dell'opera e non spettano al suo creatore ma sono correlati all'opera ed al suo sfruttamento,Eccezioni al diritto d'autore,Serie di esclusive che non nascono con la creazione dell'opera e non spettano al suo creatore ma sono correlati all'opera ed al suo sfruttamento
A chi spetta l'esercizio dei diritti di utilizzazione economica nell'opera musicale,Autore della parte musicale,Autore del testo,Ad entrambi,Al produttore discografico,Autore della parte musicale
Qual è la principale caratteristica della disciplina delle opere cinematografiche,La titolarità del diritto di autore sull'opera è dissociata dall'esercizio di alcuni diritti di utilizzazione economica,Sono opere collettive,L'esercizio dei diritti patrimoniali spetta al produttore,Gli autori sono protetti entro certi limiti,La titolarità del diritto di autore sull'opera è dissociata dall'esercizio di alcuni diritti di utilizzazione economica
Cosa sono gli UGC,Programmi per elaboratori,Contenuti di libera utilizzazione online,Contenuti digitali,Contenuti digitali creati da utilizzatori di materiali che potrebbero essere protetti dal diritto d'autore,Contenuti digitali creati da utilizzatori di materiali che potrebbero essere protetti dal diritto d'autore
Qual è il fine principale della recente direttiva sul copyright,Bilanciare interesse pubblico all'informazione con diritti degli imprenditori del settore media e degli autori,Tutelare le innovazioni tecnologiche,Introdurre nuove norme a protezione degli autori,Limitare la durata di protezione dei diritti patrimoniali d'autore,Bilanciare interesse pubblico all'informazione con diritti degli imprenditori del settore media e degli autori
Cosa sono i marchi,Segni distintivi di una impresa,Opere autoriali,Loghi delle società,Segni caratterizzanti prodotti,Segni distintivi di una impresa
Cosa sono i brevetti,Opere soggette al diritto di autore,Premi ricevuti da inventori,Opere dell'ingegno tutelate dal codice di proprietà industriale,Titoli di proprietà,Opere dell'ingegno tutelate dal codice di proprietà industriale
Requisiti di protezione legale del marchio,Innovatività e capacità distintiva,Originalità e novità,Liceità e novità,"Novità, liceità e capacità distintiva","Novità, liceità e capacità distintiva"
Requisiti per protezione legale del brevetto,"Novità, attività inventiva e industrialità",Originalità e novità,Capacità innovativa e distintiva,Novità e segretezza,"Novità, attività inventiva e industrialità"
"II design è oggetto di protezione e se sì, come?",Il design non è oggetto di protezione,Il design è protetto dal diritto d'autore,II design è protetto sia nel diritto d'autore che nel codice di proprietà industriale,Il design è protetto dal codice di proprietà industriale,II design è protetto sia nel diritto d'autore che nel codice di proprietà industriale
Chi è il produttore di un film,Un imprenditore individuale o una società che investe risorse per la realizzazione di un'opera audiovisiva,Il titolare di tutti i diritti connessi all'opera,Colui che appare nei titoli di testa $e/o$ di coda,La persona fisica o società che si occupa della vendita dell'opera,Un imprenditore individuale o una società che investe risorse per la realizzazione di un'opera audiovisiva
Qual è la differenza tra produzione associata e coproduzione,La produzione associata è tra due società e la coproduzione tra più di due società,Nella prima gli autori si associano e nella seconda i produttori,"La prima interviene tra due produttori nazionali, la seconda tra un nazionale ed un estero",La coproduzione ha un termine di durata maggiore della produzione associata,"La prima interviene tra due produttori nazionali, la seconda tra un nazionale ed un estero"
Chi è il produttore esecutivo di un'opera audiovisiva,Il soggetto che si occupa dell'organizzazione e realizzazione delle riprese e della gestione del budget,Il soggetto a cui viene dato mandato di distribuire l'opera,Colui che esegue le richieste del produttore,La società che si occupa dei contratti relativi alla realizzazione dell'opera,Il soggetto che si occupa dell'organizzazione e realizzazione delle riprese e della gestione del budget
Cosa sono gli accordi bilaterali in campo di coproduzione,Accordi per la coproduzione cinematografica tra Paesi esteri europei e l'Italia,"Accordi per la coproduzione cinematografica tra Paesi esteri europei e non, e l'Italia",Accordi tra Italia e Paesi europei sulla regolamentazione dei diritti d'autore,Accordi di natura fiscale per la coproduzione tra Paesi esteri,"Accordi per la coproduzione cinematografica tra Paesi esteri europei e non, e l'Italia"
Cosa è un contratto di compartecipazione,Contratto di divisione proventi tra produttori,Contratto tra due produttori europei,Contratto di divisione proventi tra autori,Contratto di coproduzione non rientrante nell'ambito della convenzione europea o di accordi bilaterali,Contratto di coproduzione non rientrante nell'ambito della convenzione europea o di accordi bilaterali
Chi è il distributore di un'opera audiovisiva,Colui a cui viene dato mandato di vendita dell'opera in Italia e/o all'estero dal produttore,"Le piattaforme (Netflix, Amazon, ecc.)",II proprietario delle sale cinematografiche,Chi vende all'estero l'opera,Colui a cui viene dato mandato di vendita dell'opera in Italia e/o all'estero dal produttore
"Differenza tra costi ""sopra la linea"" e quelli ""sotto la linea"" di un budget",I primi vengono pagati prima dei secondi,"I primi si riferiscono agli autori, i secondi alle maestranze",I primi hanno più rilevanza economica dei secondi,I secondi sono gestiti dal produttore esecutivo ed i primi dal produttore,"I primi si riferiscono agli autori, i secondi alle maestranze"
In cosa consiste il piano finanziario di un'opera audiovisiva,Il piano di copertura di tutti i costi del budget a cui è associato,La struttura economica dell'opera,Ipotesi di come realizzare l'opera,Piano temporale di pagamento dei costi,Il piano di copertura di tutti i costi del budget a cui è associato
Cosa è il tax credit interno in ambito audiovisivo,Debiti fiscali compensabili con crediti,Somme di denaro riconosciute al produttore dallo Stato,Fonte di finanziamento delle opere audiovisive consistenti in un credito di imposta,Contratti di sponsorizzazione,Fonte di finanziamento delle opere audiovisive consistenti in un credito di imposta
Chi è il principale responsabile degli aspetti di sicurezza del lavoro in un'azienda?,Il datore di lavoro,Il medico competente,II lavoratore,,Il datore di lavoro
"In caso di incendio sul luogo di lavoro, cosa deve fare un lavoratore?",Rimanere alla propria postazione di lavoro in attesa dell'arrivo dei vigili del fuoco,Intervenire immediatamente per spegnere l'incendio,Mantenere la calma e seguire le indicazione degli addetti alle emergenze,,Mantenere la calma e seguire le indicazione degli addetti alle emergenze
II rischio è:,La pericolosità intrinseca di una sostanza,Il prodotto della probabilità di accadimento di un evento dannoso per la gravità del danno atteso,,Il prodotto della probabilità di accadimento di un evento dannoso per la gravità del danno atteso,
II Medico Competente:,E' una persona eletta o designata dai lavoratori,Deve necessariamente essere una persona interna all'azienda,"E' un medico in possesso di titoli e dei requisiti formativi e professionali specifici, che collabora con il Datore di Lavoro ai fini della valutazione dei rischi ed è nominato dallo stesso per effettuare la sorveglianza sanitaria",,"E' un medico in possesso di titoli e dei requisiti formativi e professionali specifici, che collabora con il Datore di Lavoro ai fini della valutazione dei rischi ed è nominato dallo stesso per effettuare la sorveglianza sanitaria"
II Preposto...,Deve segnalare eventuali anomalie/difetti riscontrati in un'attrezzatura di lavoro al Medico Competente,Non ha alcuna responsabilità in materia di salute e sicurezza lavoro;,"sovrintende e vigila sull'osservanza da parte dei singoli lavoratori dei loro obblighi di legge, nonché delle disposizioni aziendali in materia di salute e sicurezza sul lavoro e di uso dei mezzi di protezione collettivi e dei dispositivi di protezione individuale messi a loro disposizione e, in caso di persistenza della inosservanza, informa il suo superiore diretto",,"sovrintende e vigila sull'osservanza da parte dei singoli lavoratori dei loro obblighi di legge, nonché delle disposizioni aziendali in materia di salute e sicurezza sul lavoro e di uso dei mezzi di protezione collettivi e dei dispositivi di protezione individuale messi a loro disposizione e, in caso di persistenza della inosservanza, informa il suo superiore diretto"
Gli Addetti all'Antincendio e Primo Soccorso,Devono necessariamente partecipare alla riunione periodica della sicurezza,"Sono quei lavoratori designati preventivamente dal Datore di Lavoro o da un suo Delegato e che sono stati formati, informati e addestrati per l'attuazione delle misure di gestione delle emergenze indicate nel Piano di Emergenza e di Evacuazione aziendale",Collaborano con il Medico Competente nell'effettuazione delle visite mediche al personale,"Sono quei lavoratori designati preventivamente dal Datore di Lavoro o da un suo Delegato e che sono stati formati, informati e addestrati per l'attuazione delle misure di gestione delle emergenze indicate nel Piano di Emergenza e di Evacuazione aziendale",
I luoghi e le attrezzature di lavoro...,Non devono rispondere a particolari prescrizioni ai fini della tutela della salute dei lavoratori,Possono anche non essere conosciuti dai lavoratori,Devono rispondere a precisi requisiti di sicurezza stabiliti dalla vigente normativa.,,Devono rispondere a precisi requisiti di sicurezza stabiliti dalla vigente normativa.
Nel lavoro al videoterminale sono da prevedere almeno ...,5 minuti di pausa ogni ora di lavoro continuato,15 minuti di pausa ogni 2 ore di lavoro continuato,10 minuti di pausa ogni ora di lavoro,,15 minuti di pausa ogni 2 ore di lavoro continuato
Un DPI eccessivamente protettivo può,Costituire un rischio aggiuntivo,Dare maggiore sicurezza,Isolare da qualsiasi rischio,,Costituire un rischio aggiuntivo
Cosa è il marketing funnel?,Le fasi della release di un prodotto,La pipeline di produzione di un videogioco,Le fasi del processo di acquisizione di un consumatore,Uno strumento per la vendita di videogiochi su Steam,Le fasi del processo di acquisizione di un consumatore
"Pensando al marketing funnel, quale è l'ordine delle seguenti?",Awareness -> Customer -> Evaluation,Awareness -> Evaluation -> Customer,Customer -> Evaluation -> Awareness,Evaluation -> Awareness -> Customer,Awareness -> Evaluation -> Customer
Qual è lo scopo principale di esporre a fiere consumer (B2C)?,Vendere copie del gioco,Ottenere feedback,Parlare con influencer,Fare bugfixing,Ottenere feedback
Cosa rappresentano le wishlist?,Il numero di persone che intendono acquisire un videogioco,Il numero di preordini effettuati da futuri consumatori,Il rapporto fra consumatori soddisfatti e insoddisfatti,Un software di analisi delle performance sui social media,Il numero di persone che intendono acquisire un videogioco
Cosa sono i festival di Steam?,Periodi di vendita di accessori ingame esclusivi,Periodi di rilascio di titoli a tema,Periodi di sconti a tema,Periodi di playtest pubblici,Periodi di sconti a tema
Qual è lo scopo principale di fare networking?,Conoscere altri sviluppatori,Conoscere la propria community di giocatori,Conoscere investitori,Conoscere fiere e festival,Conoscere altri sviluppatori
Qual è la differenza fra mercato Console e Mobile?,Il mercato Console è molto più grande,Il mercato Console è dominato da prodotti gratuiti,Il mercato Console è dominato da prodotti a pagamento,Il mercato Console è accessibile solo a grandi editori,Il mercato Console è dominato da prodotti a pagamento
Per quale ragione il mercato Mobile è poco accessibile agli sviluppatori indipendenti?,C'è poco interesse a giocare videogiochi,Grande focus su spese di marketing,Lo sviluppo è più difficile,I comandi sono scomodi,Grande focus su spese di marketing
Cosa significa USP?,Universal sales projection,United service provider,Unique selling point,Unit setup priority,Unique selling point
"Per uno sviluppatore indipendente, quale dei seguenti gruppi è più facile da raggiungere?",Community di nicchia,Mercato mainstream,Bambini,Giocatori adulti,Community di nicchia
Quando è meglio partecipare allo Steam Next Fest?,Mai,A inizio sviluppo,Dopo il rilascio del gioco,Quando è pronta una demo,Quando è pronta una demo
A cosa servono le pagine social?,Per comunicare con investitori,Per attrarre nuovi fan,Per monetizzare i post,Per proteggere i diritti d'autore,Per attrarre nuovi fan
Qual è lo scopo di una campagna Kickstarter?,Annunciare un nuovo progetto,Accumulare wishlist,Vendere copie anticipate del videogioco,Raccogliere soldi per lo sviluppo,Raccogliere soldi per lo sviluppo
Quale di queste strategie di rilascio è la migliore?,Annunciare un gioco e rilasciarlo 1-2 anni dopo,Rilasciare un gioco subito dopo l'annuncio,Annunciare un gioco a inizio sviluppo e rilasciarlo 6-7 anni dopo,Parlare del gioco solo dopo il rilascio,Annunciare un gioco e rilasciarlo 1-2 anni dopo
In che condizioni è conveniente raggiungere streamer e content creator?,Quando creano contenuti gratuitamente,Perlopiù per sponsorizzazioni a pagamento,In quasi tutte le condizioni,Mai,Quando creano contenuti gratuitamente
"Cos'è il ""SetUp"" in una presentazione?",Una tecnica di rilassamento,Un'espressione facciale,Un tono di voce,L’insieme di strumenti utilizzati per la presentazione,L’insieme di strumenti utilizzati per la presentazione
"Cos'è il ""Filo"" con il pubblico?",Fissare con lo sguardo una persona,Non incrociare mai lo sguardo della platea,Tenere lo sguardo basso,Incrociare lo sguardo della platea,Incrociare lo sguardo della platea
Qual è uno dei segreti di una presentazione?,Vestirsi bene,Giocare con le parole,Rendere la presentazione una storia,Fare tanti esempi,Rendere la presentazione una storia
La timidezza può essere un ostacolo?,Si,"No, rappresenta un punto di forza per generare ""Empatia""",Bisogna gestirla,E' utile nasconderla,"No, rappresenta un punto di forza per generare ""Empatia"""
Qual è il primo passo per costruire una presentazione efficace?,Iniziare a parlare direttamente,"Creare uno schema narrativo con apertura, corpo e chiusura",Decidere il tono di voce da utilizzare,Chiedere al pubblico le loro aspettative,"Creare uno schema narrativo con apertura, corpo e chiusura"
Qual è il ruolo della voce nella comunicazione?,Trasmettere emozioni e intensificare il messaggio,"Non è importante, basta il contenuto delle parole",Serve solo per fare impressione sul pubblico,Serve per confondere gli ascoltatori,Trasmettere emozioni e intensificare il messaggio
Come si gestiscono le domande difficili durante una presentazione?,Ignorandole completamente,Rispondendo senza preparazione,Mantenendo la calma e rispondendo con chiarezza,Cercando di cambiare argomento,Mantenendo la calma e rispondendo con chiarezza
Qual è l'importanza della postura in scena?,Creare una sensazione di sicurezza e apertura,Confondere il pubblico,Non ha nessuna rilevanza,Servire come decorazione,Creare una sensazione di sicurezza e apertura
Quale delle seguenti tecniche aiuta a ridurre l'ansia da palcoscenico?,Evitare il contatto visivo,Usare tecniche di respirazione e visualizzazione,Parlare più velocemente,Ignorare completamente il pubblico,Usare tecniche di respirazione e visualizzazione
Come si può coinvolgere il pubblico durante la presentazione?,Non permettere interazioni,Utilizzare domande e feedback per creare un dialogo,Parlare senza pause,Evitare l'uso di gesti,Utilizzare domande e feedback per creare un dialogo
Cos'è l'ascolto attivo?,Ascoltare passivamente senza intervenire,Ascoltare e fare domande solo alla fine,Concentrarsi sul contenuto e mostrare interesse tramite feedback visivo e verbale,Ignorare le reazioni del pubblico,Concentrarsi sul contenuto e mostrare interesse tramite feedback visivo e verbale
Come si può migliorare la presenza scenica?,Evitando qualsiasi movimento,Usando gesti e movimenti appropriati per coinvolgere il pubblico,Stando fermi e parlando velocemente,Parlare senza interazioni visive,Usando gesti e movimenti appropriati per coinvolgere il pubblico
"Prima di diventare una compagnia di sviluppo di videogiochi, cosa era esattamente Nihon Falcom?",Un semplice negozio di articoli informatici chiamato Computer Land Tachikawa,Un'azienda produttrice di computer,Una casa editrice di manga,Un negozio di giocattoli,Un semplice negozio di articoli informatici chiamato Computer Land Tachikawa
Quale titolo giapponese rese celebre la combinazione di azione e gioco di ruolo?,Dragon Slayer,Ultima,Xanadu,Wizardry,Xanadu
Come si chiamava il gioco ispirato all'epopea di Gilgamesh e al mito della Torre di Babele?,D&D,Tower of Druaga,Xevious,Temple of Apshai,Tower of Druaga
Per quale motivo Enix scelse Koichi Sugiyama per comporre le musiche di Dragon Quest?,Perchè aveva già composto le musiche di Dragon Ball,Era amico di Akira Toriyama,Era un artista a cui piaceva sperimentare e cimentarsi in nuove imprese,Perchè era già molto famoso per le musiche di diverse pubblicità e trasmissioni televisive in Giappone,Perchè era già molto famoso per le musiche di diverse pubblicità e trasmissioni televisive in Giappone
Quale azienda ha raggiunto il successo dopo essersi trovata in una situazione economica così complessa da spingere gli sviluppatori a credere di essere sull'orlo del fallimento e a scegliere un titolo ad hoc per il loro ultimo gioco?,Squaresoft,Enix,Nihon Falcom,Bandai,Squaresoft
"Quale periodo storico viene considerato la ""Golden Age"" delle sale giochi?",Quello racchiuso tra gli anni '80 e gli anni '90,Quello racchiuso tra gli anni '70 e gi anni '80,Quello racchiuso tra gli anni '90 e i primi anni 2000,Quello successivo alla pandemia del COVID,Quello racchiuso tra gli anni '70 e gi anni '80
Cosa differenziava in modo evidente la struttura delle sale giochi americane rispetto a quelle giapponesi?,"Per una questione di spazi, le sale arcade americane erano spesso sviluppate su un unico piano molto ampio e diviso in zone. In Giappone erano ambienti con più piani e a tema",Le sale americane contenevano solo videogiochi arcade creati in America,Nelle sale giapponesi c'erano quasi solo giochi multigiocatore,"A differenza delle sale arcade giapponesi, quelle americane erano chiuse il sabato e la domenica","Per una questione di spazi, le sale arcade americane erano spesso sviluppate su un unico piano molto ampio e diviso in zone. In Giappone erano ambienti con più piani e a tema"
"Quale fu il primo videogioco arcade con grafica a 16-bit, basato su una tecnologia Super Scaler in grado di creare un effetto pseudo - 3D ingrandendo e rimpicciolendo gli sprite ad alta velocità?",Galaga,Out Run,Street Fighter,Space Harrier,Space Harrier
Quale di questi elementi contribuirono al declino delle sale giochi alla fine degli anni '90?,I progressi tecnologici delle console casalinghe e l'arrivo di una infrastruttura online accessibile e performante,Il divieto di fumare nei locali pubblici,L'arrivo della Realtà Virtuale,Il costo esorbitante delle singole partite,I progressi tecnologici delle console casalinghe e l'arrivo di una infrastruttura online accessibile e performante
"Quale sale giochi storiche riescono a sopravvivere ancora oggi, nonostante gli enormi cambiamenti del mercato?",Quelle dedicate esclusivamente ai videogiochi da ballo,Quelle con videogiochi moderni sempre connessi a Internet,"Quelle di dimensioni ridotte, ma sostenute da community di appassionati molto attive",Quelle che organizzano feste di compleanno per bambini e bambine,"Quelle di dimensioni ridotte, ma sostenute da community di appassionati molto attive"
Quando e dove uscirono le prime riviste dedicate ai videogiochi?,In Giappone all'inizio degli anni '80,In America a metà degli anni '70,In Europa nel '73,In America nell'81,In America a metà degli anni '70
"La rivista Nintendo Power, pubblicata nel 1988, era riservata a:",I membri del Nintendo Fun Club,Gli impiegati Nintendo,Gli sviluppatori di videogiochi,Chi acquistava i giochi Nintendo da Toys “R” Us,I membri del Nintendo Fun Club
"Che ruolo ""infausto"" hanno avuto le edicole nel mercato italiano dei videogiochi?",Hanno influenzato le vendite dell'hardware in base ai gusti degli edicolanti,Hanno rafforzato i pregiudizi dei genitori nei confronti dei videogiochi,Hanno contribuito inconsapevolmente alla proliferazione della pirateria,"Hanno demonizzato le riviste di videogiochi, rifiutando di esporle tra gli scaffali",Hanno contribuito inconsapevolmente alla proliferazione della pirateria
Cosa contribuiva a rendere più libere e indipendenti le vecchie riviste di videogiochi rispetto ai siti internet?,Le pagine di pubblicità,Il prezzo della copertina,II rapporto professionale con i PR,I limiti di spazio,Il prezzo della copertina
"Qual è la scrittura estesa dell'acronimo ""MAME""?",Multi Applicative Music Enhancer,Make America Moron Everywhere,Multi Arcade Machine Emulator,Machine Adaptor Mega Emulated,Multi Arcade Machine Emulator
II progetto MAME supporta direttamente la pirateria dei videogiochi?,"Si. Per questo motivo ha ricevuto un ""cease and desist"" da exA-Arcadia, per Akai Katana e DoDonPachi SaiDaiOuJou",No. L'intera community del MAME ha preso le distanze dai gruppi che ridistribuiscono ROM su Internet o tramite supporti fisici,Si. II progetto è nato con il chiaro intento di giocare gratuitamente,"No, ma distribuisce comunque le ROM dei giochi",No. L'intera community del MAME ha preso le distanze dai gruppi che ridistribuiscono ROM su Internet o tramite supporti fisici
Qual è stato il primo gioco arcade emulato da Nicola Salmoria nell'ambito del progetto MAME?,Pac Man,Ms. Pac - Man,Rally X,Pengo,Pac Man
II MAME è un progetto a pagamento?,No. Si tratta di un progetto gratuito open source,"Si. Per scaricarlo è necessario mandare una ""donazione"" agli sviluppatori","No, ma gli sviluppatori guadagnano attraverso la vendita delle ROM dei giochi",Si. Si basa su un abbonamento mensile o annuale,No. Si tratta di un progetto gratuito open source
Qual è lo scopo del progetto MAME?,Registrare utili da dividere tra gli sviluppatori,Insegnare agli sviluppatori come programmare,Provocare Nintendo,Preservare decenni di storia del videogioco,Preservare decenni di storia del videogioco
Qual era il focus iniziale del progetto MAME?,L'emulazione delle schede arcade,L'emulazione delle console casalinghe,L’emulazione di software audio,L’emulazione dell’ambiente Windows,L'emulazione delle schede arcade
Qual è la differenza tra complicazione e complessità?,"Significano la stessa cosa, ovvero situazioni o compiti.","La complicazione riguarda tutto ciò per cui non ho competenze adeguate, complessità è un modo di dire che riguarda il cervello e la mente",Complessità è un termine nuovo e più moderno per indicare compiti difficili e situazioni al di sopra delle proprie competenze,"La complicazione riguarda situazioni da affrontare e risolvere, la complessità riguarda situazioni caratterizzate da imprevedibilità che non possono essere risolte, ma solo gestite","La complicazione riguarda situazioni da affrontare e risolvere, la complessità riguarda situazioni caratterizzate da imprevedibilità che non possono essere risolte, ma solo gestite"
"Quale tra queste definizioni descrive in maniera completa il concetto di ""orlo del caos""?",E' un costrutto proprio della matematica del caos per indicare uno stato caotico potenziale,Si intende una zona dinamica di confine tra ordine e disordine che caratterizza le situazioni ricche di sfide e opportunità e che presuppongono un certo livello di rischio,E' una metafora per indicare un confine che non deve mai essere superato,E' una zona di confusione e disordine che anticipa il collasso di un sistema organizzativo,Si intende una zona dinamica di confine tra ordine e disordine che caratterizza le situazioni ricche di sfide e opportunità e che presuppongono un certo livello di rischio
Quale di queste affermazioni sul talento ritieni più credibile?,"Per gestire la complessità non servono alcune persone di talento, servono i talenti di tutte le persone",Per gestire la complessità servono solo persone di talento,II talento può supplire alla competenza e all'esperienza,Avere talento può essere un problema perchè ci isola dalle altre persone,"Per gestire la complessità non servono alcune persone di talento, servono i talenti di tutte le persone"
Cosa si intende per autoconsapevolezza?,Consapevolezza di ciò che gli altri pensano di noi,"Consapevolezza di possedere una mente in grado di pensare, emozionarsi, decidere e agire per risolvere problemi",Capacità di autocritica,Autoconsapevolezza è sinonimo di coscienza di esistere e di appartenere a un determinato ambiente,"Consapevolezza di possedere una mente in grado di pensare, emozionarsi, decidere e agire per risolvere problemi"
Quale di questi concetti non è associato all'autoconsapevolezza?,L'autoconsapevolezza trasforma i nostri punti deboli in punti di forza,L'autoconsapevolezza libera i nostri talenti latenti e nascosti,L'autoconsapevolezza accresce autostima e autoefficacia,L'autoconsapevolezza ci rivela i nostri limiti e ci rende insicuri,L'autoconsapevolezza ci rivela i nostri limiti e ci rende insicuri
Quale tra le seguenti affermazioni non è attribuibile al concetto di complessità mentale?,"E' la natura intricata e interconnessa dei processi mentali che coinvolgono molteplici fattori, interazioni e livelli di organizzazione","Si manifesta nella varietà di pensieri, emozioni, percezioni e comportamenti che caratterizzano l'esperienza umana",Si riferisce a quella caratteristica della mente umana che cresce e si sviluppa per contrastare la complessità ambientale,Quello di complessità mentale è un concetto riferibile ad alcuni indirizzi filosofici,Quello di complessità mentale è un concetto riferibile ad alcuni indirizzi filosofici
Quale tra le seguenti caratteristiche non riguarda un curriculum ben fatto?,"Deve creare interesse nel potenziale lettore, in modo che abbia voglia di conoscerci",La foto sul curriculum deve essere strana e originale per attrarre l'attenzione di chi legge il curriculum,Deve essere sintetico per non perdere l'attenzione del lettore,Non deve contenere informazioni false che il lettore potrebbe accertare nel corso del colloquio,La foto sul curriculum deve essere strana e originale per attrarre l'attenzione di chi legge il curriculum
Quale tra le seguenti affermazioni riferite all'utilizzo del curriculum non è corretta?,"Se si hanno informazioni sul potenziale datore di lavoro, è meglio personalizzare il curriculum interpretando le sue esigenze","Per procurarsi colloqui di lavoro è opportuno non modificare mai il curriculum, dimostrando coerenza e professionalità",II curriculum va aggiornato periodicamente inserendo i cambiamenti e reinviato a tutti i destinatari a cui lo abbiamo già mandato,Il curriculum va inviato alle società specializzate nella ricerca di personale,"Per procurarsi colloqui di lavoro è opportuno non modificare mai il curriculum, dimostrando coerenza e professionalità"
Cos'è un Brand Book?,Un documento per la preproduzione,Una guida per grafici e programmatori,L'unione di Keyart e Logo,L'insieme degli elementi grafici di un brand,Una guida per grafici e programmatori
Cos'è la teoria della Gestalt?,Una teoria tedesca sul colore,Un teoria sul marketing,Una teoria austriaca sul management,Una teoria sulla forma,Una teoria sulla forma
Cos'è un Press Kit?,Un modello di business,Un asset all'interno del gioco,Uno strumento per grafici,Uno strumento per streamer e giornalisti,Uno strumento per streamer e giornalisti
Qual è l'aspetto più importante nella creazione di un logo?,Il colore,Il materiale,La leggibilità,L'appeal,La leggibilità
I DLC dovrebbero essere:,Senza logo,Con una struttura simile fra di loro,Simili alla Keyart del full game,Con la stessa palette del full game I,Con una struttura simile fra di loro
Qual è la cosa più importante da sapere nella strategia social?,I trend,Gli influencer,I format,Il target,Il target
Cos'è un Format Social?,Un tipo di contenuto che si ripete a cadenza regolare,Un tipo di contenuto con una grafica simile,Dei post con lo stesso argomento,Tutte le precedenti,Tutte le precedenti
Qual è l'asset più importante a supporto del marketing?,Asset video (trailers),Asset social,Press Kit,Asset per influencer marketing,Asset video (trailers)
Cos'è una Keyart?,Un'immagine che riassume il gioco,Uno screenshot del gioco,II logo colorato,Nessuna delle precedenti,Un'immagine che riassume il gioco
Una composizione o forma quadrata rappresenta:,"Solidità, sicurezza, razionalità","Crescita, pericolo o gerarchia","Infinito, protezione e ciclicità","Riposo, pace","Solidità, sicurezza, razionalità"
Per esprimere dinamismo e instabilità è opportuno utilizzare:,Linee diagonali,Linee orizzontali,Cerchi,Rettangoli,Linee diagonali
Il colore blu simboleggia:,"Tranquillità, saggezza","Tristezza, depressione","Stabilità, freschezza",Tutte le precedenti,Tutte le precedenti
Quali sono i colori secondari:,"Rosso, Blu, Verde","Arancio, Verde, Viola","Giallo, Arancio, Viola","Rosso, Giallo, Blu","Arancio, Verde, Viola"
Una Keyart funzionale deve avere:,Forma rettangolare orizzontale,Spazio vuoto per il logo,Tutti i personaggi del gioco,Colori accesi,Spazio vuoto per il logo
I maggiori utilizzi della Keyart sono:,I pack,Metadata piattaforme,Banner pubblicitari,Tutte le precedenti,Tutte le precedenti
Come progettare una Keyart:,Utilizzare uno screenshot grezzo,Mostrare un colpo di scena,Mettere più elementi possibili,Mettere un punto focale chiaro,Mettere un punto focale chiaro
Perchè è importante l'immagine coordinata?,Curiosità,Differenziazione,Riconoscibilità,Tutte le precedenti,Tutte le precedenti
Cosa vuol dire Immagine Coordinata?,Ogni componente è progettato in armonia con gli altri,Un'immagine con una buona composizione,L'unione di Keyart e Logo,Un modo di gestire i social,Ogni componente è progettato in armonia con gli altri
Quale di questi NON è parte del Brand Book?,Tipografia e colore,UX e UI,Loghi e iconografia,Timeline di lancio del gioco,Timeline di lancio del gioco
Come gestire un buon logo?,Farlo più colorato possibile,Usare materiali accattivanti,Distorcerlo all'occorrenza,Assicurarsi che sia leggibile in ogni formato,Assicurarsi che sia leggibile in ogni formato
Trova l'errore grafico tra queste affermazioni:,Utilizzare massimo due font,Creare dei template standard per la comunicazione,Usare una palette di colori fissa nel full game,Usare vari stili grafici,Usare vari stili grafici
Per cosa NON si utilizza solitamente la composizione a piramide invertita (con punta verso il basso)?,Per gestire numerosi personaggi,Per trasmettere serenità,Per trasmettere instabilità,Per creare movimento visivo,Per trasmettere serenità
La teoria della Gestalt dice che:,Il tutto è più della somma delle parti,La somma delle parti fa il totale,Bisogna dividere l’immagine nelle sue parti,La somma delle parti è meno del totale,Il tutto è più della somma delle parti
"Se voglio creare un gioco di genere Farm Life Simulator (cozy e naturale), userò i colori:",Verde e giallo,Rosso e blu,Rosa e rosso,Bianco e nero,Verde e giallo
In cosa consiste il principio della somiglianza nella teoria della Gestalt?,Tendiamo a raggruppare elementi che sono vicini tra loro,Il nostro cervello chiude i contorni interrotti per formare figure complete,"Elementi simili per colore, forma o dimensione vengono percepiti come un unico gruppo",E' il principio per cui identifichiamo un oggetto (figura) staccandolo dal resto (sfondo),"Elementi simili per colore, forma o dimensione vengono percepiti come un unico gruppo"
Su quale tecnologia si basava l'arcade Asteroids di ATARI?,Un complesso sistema di specchi e leve,Economici schermi a cristalli liquidi,L'avvenristica scheda usata per Galaxian,Una tecnologia vettoriale su cui ATARI lavorava da tempo,Una tecnologia vettoriale su cui ATARI lavorava da tempo
"Con quale pseudonimo viene ricordato nella storia dei videogiochi Richard Garriot, creatore di Ultima?",Lord British,Akalabeth,Sosaria,Mondain,Lord British
A quale gioco si ispirò Toru Iwatani per il gameplay di Pac-Man?,Breakout,Cutie Q,Galaxian,Head On,Head On
"Per quale motivo Nolan Bushnell voleva farsi licenziare da ATARI, invece di rassegnare le dimissioni?",Per mettere in cattiva luce Raymond Edward Kassar,Per prevenire la chiusura della divisione flipper di ATARI,"Per non perdere 100.000 dollari all'anno, per 4 anni",Per evitare che l'azienda tagliasse il prezzo del VCS,"Per non perdere 100.000 dollari all'anno, per 4 anni"
"Cosa favori la diffusione del Commodore VIC-20, a dispetto del TI-99/4A di Texas Instrument?","II VIC-20 era più economico, facile da usare e open source",II VIC-20 era più potente sotto quasi ogni punto di vista,II VIC-20 poteva contare sul chip audio Sound Interface Device (SID),Si sposava con il design elegante dei cabinati,"II VIC-20 era più economico, facile da usare e open source"
II 1972 è l'anno del boom dei videogiochi. Quali furono le due più grandi novità uscite a pochi mesi l'una dall'altra?,Magnavox Odyssey e Pong,Pong e Spacewar!,Spacewar! e Asteroids,Pong e Asteroids,Magnavox Odyssey e Pong
"Chi realizzò il primo prototipo di Breakout, successivamente ricreato da zero perché impossibile da riprodurre?",Steve Jobs,Steve Wozniak,Allan Alcorn,Steve Bristow,Steve Wozniak
Per quale motivo venne originariamente fondata Kee Games?,Per realizzare giochi di corse,Per prevenire la chiusura della divisione flipper di ATARI,"Per non perdere 100.000 dollari all'anno, per 4 anni",Per evitare che l'azienda tagliasse il prezzo del VCS,Per prevenire la chiusura della divisione flipper di ATARI
"In quale Game&Watch Nintendo è apparso per la prima volta il D-Pad, usato ancora oggi in molti sistemi di controllo?",Ball,Donkey Kong,Balloon Fight,Mario Bros.,Donkey Kong
"Come fece Nintendo a conquistare la fiducia degli americani al lancio del NES, dopo il crollo dell'83?",Presentò un solido catalogo di giochi di lancio,Creò la periferica hardware R.O.B. e pubblicizzò la possibilità di usarla per apprendere le basi del coding,Sottolineò la possibilità di sparare a bersagli virtuali con la pistola Zapper,Fissò un prezzo di lancio estremamente contenuto,Creò la periferica hardware R.O.B. e pubblicizzò la possibilità di usarla per apprendere le basi del coding
Quali sono le figure principali nell'ambito del game design?,"Game Designer, Narrative Designer, Graphic Designer","Level Designer, Game Designer, Graphic Designer","Game Designer, Level Designer, Narrative Designer","Level Designer, Narrative Designer, Graphic Designer","Game Designer, Level Designer, Narrative Designer"
Qual è l'ordine gerarchico di seniority nell'ambito del game design?,Creative director - Lead designer - Game director - Senior designer - Mid / Junior designer,Creative director - Game director - Lead designer - Senior designer - Mid / Junior designer,Game director - Creative director - Lead designer - Senior designer - Mid / Junior designer,Lead designer - Creative director - Game director - Senior designer - Mid / Junior designer,Creative director - Game director - Lead designer - Senior designer - Mid / Junior designer
Qual è l'obiettivo di un game designer?,Creare le meccaniche di gioco,Dirigere gli altri dipartimenti,Analizzare i competitors sul mercato,Suscitare risposte emotive da parte dei giocatori,Suscitare risposte emotive da parte dei giocatori
Qual è la differenza tra gioco e giocattolo?,Il gioco ha una struttura di regole ed uno scopo. Il giocattolo non ha una struttura di regole né uno scopo,Il gioco non ha una struttura di regole né uno scopo. Il giocattolo ha una struttura di regole e uno scopo,Il gioco non ha una struttura di regole ma ha uno scopo. Il giocattolo ha una struttura di regole ma non ha uno scopo,Il gioco ha una struttura di regole ma non ha uno scopo. Il giocattolo non ha una struttura di regole ma ha uno scopo,Il gioco ha una struttura di regole ed uno scopo. Il giocattolo non ha una struttura di regole né uno scopo
In cosa consiste il focal point secondo i 13 principi del gameplay?,Non lasciare che il giocatore debba indovinare quali sono gli obiettivi a lungo e breve termine,Far focalizzare il giocatore sulle meccaniche di gioco ignorando l'environment,Fare in modo che il giocatore tenda ad indovinare gli obiettivi a breve e lungo termine,Far focalizzare il giocatore sull'environment ignorando le meccaniche di gioco,Non lasciare che il giocatore debba indovinare quali sono gli obiettivi a lungo e breve termine
In cosa consiste il semi-believable behavior secondo i 13 principi del gameplay?,Tutti gli eventi di gameplay devono avvenire assecondando le logiche aspettative del designer,Tutti gli eventi di gameplay devono avvenire assecondando le logiche aspettative del giocatore,Nessun evento di gameplay dovrebbe avvenire assecondando le logiche aspettative del giocatore,Nessun evento di gameplay dovrebbe avvenire assecondando le logiche aspettative del designer,Tutti gli eventi di gameplay devono avvenire assecondando le logiche aspettative del giocatore
In cosa consiste lo spacing secondo i 13 principi del gameplay?,Designare gli elementi di gioco trascurando lo spazio per poi modificare lo spazio in base agli effetti degli elementi di gioco,Designare lo spazio di gioco a prescindere dalla relazione tra lo spazio e gli elementi di gioco,Designare la relazione tra spazio ed elementi di gioco tenendo in considerazione gli effetti per poi modificare lo spazio,Designare gli elementi di gioco senza tenere in considerazione la relazione tra lo spazio e gli effetti degli elementi di gioco,Designare la relazione tra spazio ed elementi di gioco tenendo in considerazione gli effetti per poi modificare lo spazio
In cosa consiste il dinamismo secondo i 13 principi del gameplay?,Un evento dinamico si verifica quando avviene il cambiamento di un solo elemento di gioco,Un evento dinamico si verifica quando non avviene il cambiamento di più di un elemento di gioco,Un evento dinamico si verifica quando non avviene il cambiamento di un solo elemento di gioco,Un evento dinamico si verifica quando avviene il cambiamento di più di un elemento di gioco,Un evento dinamico si verifica quando avviene il cambiamento di più di un elemento di gioco
Qual è la definizione tecnica più corretta per definire le meccaniche di gioco?,Elementi di gameplay,Dinamiche di gameplay,Regole di gameplay,Insieme di interazioni e limitazioni di gameplay,Insieme di interazioni e limitazioni di gameplay
Di cosa si occupa il game designer?,Crea le regole del gioco in base a quello che richiedono i giocatori,Crea le regole del gioco in base ai propri gusti di gameplay,Crea le regole del gioco in base alla risposta emotiva che vuole ottenere dai giocatori,Crea le regole del gioco in base a quello che gli viene detto di fare,Crea le regole del gioco in base alla risposta emotiva che vuole ottenere dai giocatori
Qual è il primo documento di game design che viene redatto quando si inizia a lavorare su un progetto?,Mechanics,High Vision,Side mechanics,Target audience,High Vision
A cosa servono i core loop?,Evidenziano come le meccaniche fondamentali del gioco interagiscono fra loro,Evidenziano come i pillars della high vision impattino sul target audience,Evidenziano come le side mechanics del gioco interagiscono fra loro,Evidenziano il processo creativo del team di sviluppo,Evidenziano come le meccaniche fondamentali del gioco interagiscono fra loro
Quali sono le caratteristiche dell'High Vision?,Non dovrebbe contenere game elements ed i pillar non dovrebbero cambiare nel tempo,Dovrebbe contenere game elements ed i pillar dovrebbero cambiare nel tempo,Dovrebbe contenere game elements ed i pillar non dovrebbero cambiare nel tempo,Non dovrebbe contenere game elements ed i pillar dovrebbero cambiare nel tempo,Dovrebbe contenere game elements ed i pillar non dovrebbero cambiare nel tempo
"Secondo il framework di Jesse Schell: Space & Stats, quale relazione lega spazio e stats in un design ben strutturato?",Sono due sistemi indipendenti,Le stats influenzano solo il combat system,Lo spazio definisce le sfide e le stats determinano le possibilità di superarle,Lo spazio è irrilevante per la progressione,Lo spazio definisce le sfide e le stats determinano le possibilità di superarle
"Secondo il framework di Jesse Schell: Skills & Chance, perché un eccesso di chance può danneggiare l'esperienza del giocatore?",Perché riduce la complessità tecnica,Perché annulla la percezione di controllo e merito,Perché elimina la curva di difficoltà,Perché limita le scelte del giocatore,Perché annulla la percezione di controllo e merito
"Secondo il framework di Jesse Schell: Skills & Chance, quali sono i tipi di randomness?","Real random, Pseudo-random, too much randomness","Real random, Pseudo-random, too much randomness, acceptable randomness, innovative randomness","Real random, innovative randomness, acceptable randomness","Real random, too much randomness, innovative randomness","Real random, Pseudo-random, too much randomness, acceptable randomness, innovative randomness"
"Secondo il framework di Jesse Schell: Progression & Economics, per quale motivo la relazione tra economia e progressione è cruciale?",Rende i giochi più brevi,La gestione delle risorse determina il ritmo con cui il giocatore avanza,Rende irrilevante lo spazio,Annulla il ruolo delle stats,La gestione delle risorse determina il ritmo con cui il giocatore avanza
"Secondo il framework di Jesse Schell: Twitch & Social, in cosa consiste il twitch?",Il twitch è la necessità degli esseri umani di compiere un'azione durante lo svolgimento di un'altra azione,Il twitch è la capacità degli esseri umani di essere multi-tasking,II twitch è la necessità degli esseri umani di guardare altre persone compiere azioni (ad esempio gli streamer),Il twitch è la capacità degli esseri umani di ripetere un'azione fino a renderla perfetta,Il twitch è la necessità degli esseri umani di compiere un'azione durante lo svolgimento di un'altra azione
"Secondo il framework di Jesse Schell: Hidden information, quali tipi di hidden information esistono?","Pseudo-hidden, Perfect hidden, Imperfect hidden","Pseudo-hidden, Imperfect hidden","Pseudo-hidden, Perfect hidden","Perfect hidden, Imperfect hidden","Pseudo-hidden, Perfect hidden, Imperfect hidden"
"Secondo il framework di Jesse Schell: Action & Rules, qual è la differenza tra operative action e resultant action?","Le resultant action sono le azioni basilari che un giocatore può compiere, le operative action hanno a che fare con le modalità attraverso le quali il giocatore compie resultant action","Le operative action sono le azioni basilari che un giocatore può compiere, le resultant action sono le conseguenze delle operative action","Le operative action sono le azioni basilari che un giocatore può compiere, le resultant action hanno a che fare con le modalità attraverso le quali il giocatore compie operative action","Le resultant action sono le azioni basilari che un giocatore può compiere, le operative action sono le conseguenze delle resultant action","Le operative action sono le azioni basilari che un giocatore può compiere, le resultant action sono le conseguenze delle operative action"
Quali sono i principali modelli di analisi di target audience?,"Statistics, Persona, Player type","Statistics, Player centric, Persona","Persona, Designer, Player type","Player type, Persona, Player centric","Statistics, Persona, Player type"
Quali sono i modelli di target audience secondo Bartle?,"Killer, Guardian, Wanderer, Socializer","Killer, Explorer, Achiever, Socializer","Artisan/Killer, Guardian/Achiever, Rational/Explorer, Idealist/Socializer","Artisan, Guardian, Rational, Idealist","Killer, Explorer, Achiever, Socializer"
Quali sono i modelli di target audience secondo Keirsey?,"Killer, Explorer, Wanderer, Guardian","Killer, Guardian, Wanderer, Socializer","Idealist, Artisan, Guardian, Rational","Idealist, Killer, Guardian, Socializer","Idealist, Artisan, Guardian, Rational"
Quali sono i modelli ibridi di target audience secondo Bateman?,"Artisan/Achiever, Guardian/Killer, Idealist/Explorer, Rational/Socializer","Guardian/Achiever, Artisan/Killer, Rationa/Socializer, Idealist/Explorer","Rational/Explorer, Guardian/Idealist, Achiever/Socializer, Artisan/Killer"," Idealist/Socializer, Artisan/Killer, Guardian/Achiever, Rational/Explorer"," Idealist/Socializer, Artisan/Killer, Guardian/Achiever, Rational/Explorer"
Quali sono i modelli di target audience secondo Bateman?,"Wanderer, Casual, Participant, Conqueror, Manager, Hardcore","Wanderer, Killer, Socializer, Conqueror, Participant, Manager","Hardcore, Casual, Killer, Socializer, Manager, Explorer","Casual, Participant, Killer, Achiever, Explorer, Socializer","Wanderer, Casual, Participant, Conqueror, Manager, Hardcore"
Quale tra queste opzioni può essere considerata side mechanic?,Movimento del personaggio,Attacco base,Gestione delle risorse,Minigiochi di pesca in un RPG,Minigiochi di pesca in un RPG
Quali tipi di scelte possono essere fornite al giocatore?,"Theme (technology, behavior) Mechanics (strategy, resources) Meta-decisions (emotion driven, narrative, aesthetics)","Theme (strategy, resources) Mechanics (emotion driven, narrative, aesthetics) Meta-decisions (technology, behavior)","Theme (emotion driven, narrative, aesthetics) Mechanics (strategy, resources) Meta-decisions (technology, behavior)","Theme (emotion driven, resources, behavior) Mechanics (strategy, technology) Meta-decisions (narrative, aesthetics)","Theme (emotion driven, narrative, aesthetics) Mechanics (strategy, resources) Meta-decisions (technology, behavior)"
Quali tipi di scelte bisognerebbe evitare di fornire al giocatore?,"Non-meaningless, Blind, Non-obvious","Meaningless, Obvious, Blind","Non-meaningless, Non-obvious, Non-blind","Meaningless, Non-blind, Obvious","Meaningless, Obvious, Blind"
Qual è la differenza tra agency e freedom?,Agency è la capacità di esercitare una scelta tra infinite possibilità. Freedom è la libertà di avere infinite scelte,Agency è la capacità di esercitare una scelta tra determinate possibilità. Freedom è la libertà di avere determinate scelte,Agency è la capacità di esercitare una scelta tra determinate possibilità. Freedom è la libertà di avere infinite scelte,Agency è la capacità di esercitare una scelta tra infinite possibilità. Freedom è la libertà di avere determinate scelte,Agency è la capacità di esercitare una scelta tra determinate possibilità. Freedom è la libertà di avere infinite scelte
Quale delle seguenti opzioni descrive correttamente la differenza tra le principali forme di operant conditioning applicabili al game design?,Rinforzo positivo = aggiunta di stimoli positivi (loot drop) - Rinforzo negativo = rimozione di stimoli negativi (escape: fuggire da un nemico; active avoidance: prevenire un danno con un’azione) - Punizione positiva = aggiunta di stimoli negativi (danno subito) - Punizione negativa = rimozione di stimoli positivi (perdita di punti),Rinforzo positivo = rimozione di stimoli negativi - Rinforzo negativo = aggiunta di ricompense - Punizione positiva = perdita di risorse - Punizione negativa = aggiunta di ostacoli,Rinforzo positivo = aggiunta di punizioni - Rinforzo negativo = rimozione di premi - Punizione positiva = aumento delle stats - Punizione negativa = riduzione delle stats sempre temporanea,Tutte le forme di rinforzo sono sempre positive e tutte le forme di punizione sono sempre negative,Rinforzo positivo = aggiunta di stimoli positivi (loot drop) - Rinforzo negativo = rimozione di stimoli negativi (escape: fuggire da un nemico; active avoidance: prevenire un danno con un’azione) - Punizione positiva = aggiunta di stimoli negativi (danno subito) - Punizione negativa = rimozione di stimoli positivi (perdita di punti)
"Un personaggio si muove lungo un vettore $v=(5,2)$. Se la piattaforma su cui si trova ha direzione $d=(1,0)$, quale delle seguenti è la","(2, 0)","(5, 2)","(5, 1)","(5, 0)","(5, 0)"
"Un pulsante di gioco deve espandersi quando viene premuto, passando da una scala di
1.0 a 1.2 in 1 secondo. Se l'animazione è a 0.3 secondi dal suo inizio, quale sarà la scala
del pulsante a quel punto?",1.06.00,1.1,1.04.00,1.18.00,1.06.00
"In un mondo 3D, un personaggio ha direzione di movimento $v=(1,0,2)$ e direzione ""su"" definita come $u=(0,1,0)$. Quale delle seguenti operazioni è necessaria per determinare la direzione ""destra"" del personaggio?",Calcolare il prodotto scalare tra ve u,Sommare i vettori v eu.,Calcolare il prodotto vettoriale tra v e u,Moltiplicare ciascuna componente di v per quella corrispondente di u,Calcolare il prodotto vettoriale tra v e u
Quale delle seguenti applicazioni sfrutta il prodotto scalare?,Calcolo delle collisioni tra corpi rigidi,Determinazione dell'angolo tra due direzioni per rilevare il campo visivo,Simulazione della gravità nei giochi platform,Generazione di numeri casuali per effetti grafici,Determinazione dell'angolo tra due direzioni per rilevare il campo visivo
"Un modello 3D ha un vertice in posizione v=(2,3,1). Se il modello viene ridimensionato di un fattore 2 sull’asse x, 0.5 sull’asse y, e resta invariato sull’asse z, quali sono le nuove coordinate del vertice?","(1, 6, 1)","(4, 1.5, 1)","(4, 1.5, 0.5)"," (2, 1.5, 1)","(4, 1.5, 1)"
"Quale delle seguenti è l'equazione parametrica della retta passante per i punti (1, 2, 3) е (4, 5, 6)","r(t)=(1,2,3)+t(4,5,6)","r(t)=(1,2,3)+t(3,3,3)","r(t)=(4,5,6)+t(1,2,3)","r(t)=(1,2,3)+t(1,2,1)","r(t)=(1,2,3)+t(3,3,3)"
Quale delle seguenti affermazioni è vera per il prodotto vettoriale di due vettori u e v?,Il risultato del prodotto vettoriale è uno scalare.,Il prodotto vettoriale è sempre perpendicolare ai vettori u e v.,Il prodotto vettoriale è zero se i vettori u e v sono ortogonali,Il prodotto vettoriale è commutativo.,Il prodotto vettoriale è sempre perpendicolare ai vettori u e v.
"Qual è il coseno dell'angolo tra i vettori v=(2,-1,4) e u=(1,2,0)?",6/(√21√5),1/21,2/(√21√5),0,0
"Se u · v = 0, cosa si può dedurre riguardo ai vettori u e v?",Sono paralleli,Sono ortogonali,Hanno la stessa lunghezza,Hanno componenti uguali,Sono ortogonali
"II perimetro del triangolo di vertici: (0,1), (1, 1), (-1, 2) è:",5,2√5 + 3,1 + √3,1 + √2 + √5,1 + √2 + √5
"Scansiono un disegno, lo apro con Illustrator e:",Diventa automaticamente vettoriale,Uso Ricalco Immagine per vettorializzare,Salvo in formato.Al e automaticamente l'immagine stessa diventa vettoriale,"Uso il filtro ""Converti in Vettoriale""",Uso Ricalco Immagine per vettorializzare
In Illustrator con Elaborazione Tracciati posso:,Comporre un testo su tracciato,Ritoccare una figura complessa,Creare delle forme composte,Isolare i livelli,Creare delle forme composte
Per creare delle sfumature complesse posso usare:,I simboli,La trama sfumata,La trasformazione libera,La palette Pantone,La trama sfumata
Posso assegnare ad un file le parole chiave attraverso:,Photoshop,Illustrator,Bridge,Acrobat,Bridge
L'interlinea standard di un testo nei software Adobe è impostata al:,30% in più rispetto al corро,100% in più rispetto al coгро,10% in più rispetto al corpo,20% in più rispetto al corро,20% in più rispetto al corро
Qual è la differenza principale tra UI (User Interface) e UX (User Experience) nel contesto dei videogiochi?,"L'UI è il codice del menu, I'UX è la grafica.","L'UI si occupa solo dell'audio, I'UX dell'aspetto visivo.","L'UI riguarda gli elementi visivi e interattivi (pulsanti, menu, HUD), I'UX riguarda l'esperienza complessiva, l'usabilità e le sensazioni del giocatore.","Non c'è differenza, sono sinonimi intercambiabili","L'UI riguarda gli elementi visivi e interattivi (pulsanti, menu, HUD), I'UX riguarda l'esperienza complessiva, l'usabilità e le sensazioni del giocatore."
"Come utilizzano la ""gerarchia visiva"" i designer in una schermata di inventario?",Rendendo tutti gli elementi identici per dimensione e colore per evitare distrazioni.,Ordinando gli oggetti esclusivamente in ordine alfabetico.,"Usando contrasto, dimensioni e posizionamento per guidare l'occhio del giocatore immediatamente verso le informazioni più importanti.",Nascondendo le informazioni cruciali in sottomenu profondi per stimolare l'esplorazione.,"Usando contrasto, dimensioni e posizionamento per guidare l'occhio del giocatore immediatamente verso le informazioni più importanti."
Quale tra queste sono funzioni di accessibilità legate alla Ul diventate standard nell'industria?,Il tutorial non skippabile.,Il ridimensionamento del testo dei sottotitoli e le opzioni per il daltonismo.,L'inserimento di microtransazioni nei menu.,L'obbligo di giocare online per visualizzare le classifiche.,Il ridimensionamento del testo dei sottotitoli e le opzioni per il daltonismo.
"Come si evita il ""sovraccarico di informazioni"" nell'HUD di un gioco d'azione?","Mostrando in modo permanente la mappa intera, l'inventario e le statistiche dei nemici.","Rimuovendo completamente ogni elemento a schermo, lasciando solo l'azione nuda e cruda.",Mostrando solo le informazioni strettamente necessarie in quel momento e nascondendo temporaneamente gli elementi inattivi (HUD dinamico).,Facendo lampeggiare continuamente tutte le icone a schermo per attirare l'attenzione.,Mostrando solo le informazioni strettamente necessarie in quel momento e nascondendo temporaneamente gli elementi inattivi (HUD dinamico).
Qual è la regola d'oro per la scelta della tipografia (Font) nei videogiochi console/PC?,Usare font estremamente elaborati e gotici in tutti i menu per creare atmosfera.,Usare caratteri microscopici per far ammirare meglio l'ambiente di gioco.,"Privilegiare la leggibilità, garantendo un forte contrasto con lo sfondo e dimensioni adeguate alla distanza di lettura dal televisore o monitor.",Cambiare il font di base ogni volta che si cambia livello per variare,"Privilegiare la leggibilità, garantendo un forte contrasto con lo sfondo e dimensioni adeguate alla distanza di lettura dal televisore o monitor."
"Cos'è ""Niagara"" all'interno di Unreal Engine?",Un sistema dedicato esclusivamente alla generazione di materiali e texture procedurali.,Il motore fisico usato per simulare i vestiti dei personaggi.,Il sistema avanzato per la creazione e la simulazione di effetti visivi particellari.,II tool di rendering in tempo reale per la gestione del ray tracing.,Il sistema avanzato per la creazione e la simulazione di effetti visivi particellari.
"In Niagara, cos'è un ""Emitter""?",Il nodo che invia la luce di un effetto particellare al motore di rendering.,"Un blocco di base che definisce, genera e controlla il comportamento di un singolo gruppo specifico di particelle.",Un file audio che fa da emettitore sonoro per l'effetto visivo.,L'oggetto 3D a cui si attaccano le particelle.,"Un blocco di base che definisce, genera e controlla il comportamento di un singolo gruppo specifico di particelle."
Quale è la differenza principale tra un Sistema e un Emettitore in Niagara?,Il sistema può esistere all'interno di un emettitore ma non viceversa,L'emettitore non può essere piazzato in scena a meno che non si trovi all'interno di un sistema,"L'emettitore non può generare particelle, il sistema si","L'emettitore può avere più istanze all'interno di una scena, un sistema no",L'emettitore non può essere piazzato in scena a meno che non si trovi all'interno di un sistema
Quale è l'ordine corretto delle principali sezioni dello stack di un emettitore in Niagara?,"Emitter Spawn, Emitter Update, Particle Spawn, Particle Update, Renderer","Particle Spawn, Particle Update, Emitter Spawn, Emitter Update, Renderer","Emitter Update, Emitter Spawn, Particle Update, Particle Spawn, Renderer","System Update, Emitter Update, Emitter Spawn, Particle Update, Particle Spawn, Renderer","Emitter Spawn, Emitter Update, Particle Spawn, Particle Update, Renderer"
Quale è il vantaggio fondamentale di simulare un sistema particellare in Niagara con la GPU?,"Poter gestire i parametri del sistema (ad es. colore, dimensione e velocità delle particelle) in modo diverso per ogni sua istanza",Gestire meglio un numero elevato di particelle,Poter utilizzare la sezione dell'event handler,"Nessuno, ha il solo scopo di allegerire il carico della CPU",Gestire meglio un numero elevato di particelle
Quale tra queste tipologie di renderer permette di modificare la posizione delle particelle generate?,Sprite Renderer,Mesh Renderer,Ribbon Rendere.,Tutte le risposte precedenti.,Tutte le risposte precedenti.
Quale tra questi moduli permette di generare particelle ad un rateo continuo nel tempo?,Spawn per frame,Spawn per unit,Spawn Burst Instantaneous,Spawn Rate,Spawn Rate
A cosa serve un modello GPT nel contesto del game design?,A testare le performance grafiche di un gioco,A esportare i livelli di gioco in Unity.,"A generare concept narrativi, dialoghi, missioni e sistemi di gioco",A comprimere file audio,"A generare concept narrativi, dialoghi, missioni e sistemi di gioco"
Cosa permette di fare ElevenLabs in un progetto videoludico?,Correggere bug nel codice,Creare voci credibili per i personaggi e sintetizzare dialoghi,Generare ambienti 3D interattivi,Mixare tracce MIDI in tempo reale,Creare voci credibili per i personaggi e sintetizzare dialoghi
Qual è una funzione chiave di Krea Al nel design visivo dei giochi?,Generare sprite animati,Creare e mantenere coerenza visiva attraverso LORA e stili custom,Simulare movimenti di camera,Calcolare performance della GPU,Creare e mantenere coerenza visiva attraverso LORA e stili custom
"Cosa sono i ""prompt"" in Midjourney?",Script per automatizzare Unity,Comandi descrittivi usati per generare immagini coerenti,File di salvataggio,Codici HTML per il rendering,Comandi descrittivi usati per generare immagini coerenti
Che ruolo ha ChatGPT nella prototipazione narrativa?,Correggere ortografia dei testi,"Aiutare a creare storie, missioni e strutture interattive",Disegnare UI/UX,Importare texture,"Aiutare a creare storie, missioni e strutture interattive"
A cosa serve Omnireference nel visual design?,Costruire board coerenti di riferimento visivo per personaggi e ambienti,Modellare in 3D direttamente,Mixare suoni ambientali,Ottimizzare animazioni,Costruire board coerenti di riferimento visivo per personaggi e ambienti
"Cosa distingue una ""LORA"" in Krea AI?",È un tipo di audio loop,È una libreria di codici in Python,È un modello personalizzato per controllare stile e consistenza visiva,È un preset per effetti di luce,È un modello personalizzato per controllare stile e consistenza visiva
Quale piattaforma Al permette di generare musica ambientale e sound design per giochi?,Midjourney,ElevenLabs,Udio,Meshy,Udio
Quale aspetto viene potenziato nell'uso di Al per la generazione immagini?,Compressione dei file RAW,Rendering in tempo reale,Sviluppo rapido e coerente di concept visuali,Simulazione di fisica dei tessuti,Sviluppo rapido e coerente di concept visuali
Qual è il vantaggio principale nell'uso dell'Al per creare dialoghi interattivi nei giochi?,Riduzione del numero di personaggi,Creazione di sistemi dinamici e ramificati senza doverli scrivere manualmente,Ottimizzazione dei file audio,Riduzione della latenza di rete,Creazione di sistemi dinamici e ramificati senza doverli scrivere manualmente
Qual è uno degli obiettivi dell'utilizzo di ChatGPT nella fase di pre-produzione di un videogioco?,Compilare shader grafici,Ottimizzare l'output della GPU,"Sperimentare logiche di gameplay, missioni e narrazione",Creare texture seamless in 4K.,"Sperimentare logiche di gameplay, missioni e narrazione"
Cosa permette di fare la generazione Al di concept art con DALL-E o Midjourney?,Visualizzare idee stilistiche e narrative prima della modellazione,Applicare rig automatici ai modelli,Animare skeleton per ambienti,Registrare voci reali per i trailer,Visualizzare idee stilistiche e narrative prima della modellazione
Perché è importante mantenere la coerenza visiva (visual consistency) nel character design con Al?,Riduce il peso dei file esportati,"Mantiene lo stile uniforme tra personaggi, ambienti e asset",Migliora il frame rate del gioco,Garantisce la compatibilità con Blender,"Mantiene lo stile uniforme tra personaggi, ambienti e asset"
In quale ambito Udio viene utilizzato durante la progettazione di videogame?,Modellazione procedurale,Composizione musicale e sound design per ambientazioni e interazioni,Programmazione in C++,Ottimizzazione delle textures,Composizione musicale e sound design per ambientazioni e interazioni
"Cosa si intende per ""prototipazione narrativa"" con GPTs?",La scrittura di codice per i dialoghi,"La simulazione di trame, interazioni e risposte del giocatore",Il test degli script LUAi,L'esportazione degli asset in FBX,"La simulazione di trame, interazioni e risposte del giocatore"
Cosa succede nel $1/3$ del Mondo Ordinario?,Prove alleati e nemici - Avvicinamento caverna - Prova centrale - Ricompensa,Richiamo - Rifiuto del richiamo - Mentore - Varco della prima soglia,Via del ritorno - Resurrezione/Climax - Compimento e crescita / Ritorno con elisir,Incontro con il mentore - Varco della prima soglia - Resurrezione - Ritorno con elisir,Richiamo - Rifiuto del richiamo - Mentore - Varco della prima soglia
Che ruolo svolge il messaggero tra gli archetipi narrativi?,È la figura che annuncia un importante cambiamento nella storia,È colui che è pronto a sacrificare se stesso per gli altri,È un personaggio che ostacola il protagonista e può essere positivo o negativo,È il mentore,È la figura che annuncia un importante cambiamento nella storia
Quali sono i tipi psicologici fondamentali degli immaginari letterari secondo C. Pearson?,Il protagonista; il co-protagonista; l'antagonista; gli alleati; i nemici,L'Eroe; il mentore; il guardiano della soglia; l'imbroglione; l'ombra; la spalla,L'orfano/innocente; il viandante; il martire; il guerriero; il mago,L'Infante; il viaggiatore; la vittima; il combattente; il guru,L'orfano/innocente; il viandante; il martire; il guerriero; il mago
II Viaggio dell'eroe è...,Un modello narrativo con una struttura circolare in tre atti,Un topos letterario,È un testo di J. Campbell,È una teoria di Propp,Un modello narrativo con una struttura circolare in tre atti
Quali sono i capi saldi del racconto?,Finale aperto; finale chiuso; ribaltamento,Protagonista; Desiderio; Conflitto; Evoluzione; Trasformazione / Consapevolezza; Finale,Incipit; Evoluzione; Finale,Incidente scatenante; Climax; Turning point; Fatal flaw,Protagonista; Desiderio; Conflitto; Evoluzione; Trasformazione / Consapevolezza; Finale
Quali sono le dimensioni dello storytelling?,Affidabilità; riconoscibilità; familiarità; semplicità; coinvolgimento; interpretabilità; identificazione; drammaturgia; credibilità; fiducia,Affidabilità; riconoscibilità; familiarità; complessità; coinvolgimento; interpretabilità; identificazione; drammaturgia; credibilità; fiducia,Affidabilità; replicabilità; familiarità; semplicità; coinvolgimento; interpretabilità; identificazione; drammaturgia; credibilità; fiducia,Affidabilità; replicabilità; familiarità; creatività; coinvolgimento; interpretabilità; identificazione; drammaturgia; credibilità; fiducia,Affidabilità; riconoscibilità; familiarità; semplicità; coinvolgimento; interpretabilità; identificazione; drammaturgia; credibilità; fiducia
Cosa significa una struttura narrativa a gradini?,"Una progressione lenta di vicende, dove ogni avventura riprende e complica la precedente",Una storia è contenuta in un'altra storia,L’orfano/innocente; il viandante; il martire; il guerriero; il mago,In ogni episodio vi è un colpo di scena,"Una progressione lenta di vicende, dove ogni avventura riprende e complica la precedente"
Quali sono gli archetipi narrativi secondo il modello di Vogler?,Il protagonista; il co-protagonista; l'antagonista; gli alleati; i nemici,L'Eroe; il mentore; il guardiano della soglia; l'imbroglione; l'ombra; la spalla,L’orfano/innocente; il viandante; il martire; il guerriero; il mago, L’Infante; il viaggiatore; la vittima; il combattente; il guru,L'Eroe; il mentore; il guardiano della soglia; l'imbroglione; l'ombra; la spalla
A cosa aspira il Viandante?,Chiarezza,Potere,Amore,Gloria,Chiarezza
Qual è il ruolo del Mentore?,"Aiuta il protagonista, rappresenta una figura genitoriale; un vecchio saggio, un amico...","Ostacola il protagonista, rappresenta la sua paura più recondita, l'ombra...",Annuncia un grande cambiamento,"Può essere una figura positiva, negativa o neutra","Aiuta il protagonista, rappresenta una figura genitoriale; un vecchio saggio, un amico..."
Qual è la funzione principale di Epic Games Launcher?,Creare nuovi asset per Unreal Engine,Gestire l'installazione e gli aggiornamenti di Unreal Engine,Monitorare le prestazioni del progetto,Modificare i Blueprint,Gestire l'installazione e gli aggiornamenti di Unreal Engine
Dove è possibile scaricare assets e materiali per Unreal Engine?,Fab,Starter Content,Material Editor,World Outliner,Fab
Quale sezione dell'Epic Game Launcher ti permette di creare fotogrammetrie?,Library,RealityCapture,Twinmotion,Fab,RealityCapture
Per quale settore Unreal Engine è ampiamente utilizzato oltre ai videogiochi?,Analisi dei dati,Produzione cinematografica e televisiva,Gestione aziendale,Sviluppo di software finanziari,Produzione cinematografica e televisiva
Quale vantaggio offre Unreal Engine nello sviluppo di applicazioni di realtà virtuale (VR)?,Creazione di prototipi visivi interagibili,Ottimizzazione automatica per dispositivi mobile,Generazione di codici di sicurezza,Riduzione dei costi di licenza hardware,Creazione di prototipi visivi interagibili
Quale caratteristica di Unreal Engine lo rende utile nella progettazione architettonica?,Strumenti per la simulazione del vento,Generazione automatica di Blueprint,Capacità di rendering fotorealistico in tempo reale,Integrazione con sistemi ios,Capacità di rendering fotorealistico in tempo reale
Quale funzione principale svolge il Landscape Tool in Unreal Engine?,Creare paesaggi realistici,Modificare materiali avanzati,Controllare l'illuminazione dinamica,Gestire le animazioni,Creare paesaggi realistici
Quale operazione è possibile effettuare con il Landscape Tool?,Dipingere texture sul terreno,Creare NPC,Ottimizzare il rendering,Configurare effetti particellari,Dipingere texture sul terreno
Come è possibile regolare le altezze nel Landscape Tool?,"Utilizzando il pennello ""Sculpt""",Attraverso il Material Editor,"Con il comando ""Height""",Modificando i valori nel World Outliner,"Utilizzando il pennello ""Sculpt"""
Quale parametro è utilizzato per controllare se un materiale è liscio o ruvido?,Roughness,Metallic,Normal,Ambient Occlusion,Roughness
"In Unreal Engine, cosa si intende per 'actor scene' utilizzato come pivot per una porta che ruota?",Una funzione per aprire una porta.,Un componente che definisce il punto di rotazione di un attore.,Un tipo di collisione per rilevare gli impatti.,Un Blueprint Widget.,Un componente che definisce il punto di rotazione di un attore.
Qual è lo scopo principale delle 'collision box' in Unreal Engine in relazione agli eventi 'begin overlap' e 'end overlap'?,Permettono di tracciare linee nel mondo per interazioni a distanza.,Sono usate solo per distruggere gli attori.,Attivano eventi quando due attori iniziano a sovrapporsi e quando smettono di farlo.,Sono mesh visibili utilizzate per la grafica.,Attivano eventi quando due attori iniziano a sovrapporsi e quando smettono di farlo.
"A cosa serve il 'linetrace' in Unreal Engine, specialmente per interagire con pulsanti o piattaforme?",Tracciare una linea invisibile nel mondo per rilevare intersezioni con altri attori.,Creare un percorso animato per gli attori.,Rilevare solo le collisioni fisiche tra oggetti solidi.,Generare particelle visive per effetti speciali.,Tracciare una linea invisibile nel mondo per rilevare intersezioni con altri attori.
Qual è la funzione principale di un 'Blueprint Widget' in Unreal Engine?,Per programmare la logica di gioco principale degli attori.,Per gestire l'audio e gli effetti sonori.,"Per creare interfacce utente (UI) come menu, HUD e inventari.",Per importare modelli 3D e texture.,"Per creare interfacce utente (UI) come menu, HUD e inventari."
"A cosa serve un 'counter' nella programmazione Blueprint, in particolare per la raccolta di oggetti?",Generare automaticamente oggetti nel mondo.,Visualizzare il testo del debug sullo schermo.,Controllare il tempo di gioco.,Incrementare o decrementare un valore numerico in base alla raccolta di oggetti.,Incrementare o decrementare un valore numerico in base alla raccolta di oggetti.
Qual è l'utilizzo principale del nodo 'Print String' in Blueprint per il debug?,Inviare dati a un server esterno.,Salvare dati su file.,Creare stringhe di testo per l'interfaccia utente.,Visualizzare messaggi di testo sullo schermo o nella finestra Output Log per aiutare a identificare problemi.,Visualizzare messaggi di testo sullo schermo o nella finestra Output Log per aiutare a identificare problemi.
A cosa serve il nodo 'Timeline' in Blueprint?,Animare proprietà di attori o variabili nel tempo con curve personalizzabili.,Registrare l'input dell'utente nel tempo.,Generare un evento ogni fotogramma di gioco,Ritardare l'esecuzione di un nodo per un certo periodo.,Animare proprietà di attori o variabili nel tempo con curve personalizzabili.
Spiega la funzione del nodo 'Lerp' (Linear Interpolate) in Blueprint.,Interpolare linearmente tra due valori (A e B) in base a un fattore Alpha.,Calcolare la lunghezza di un vettore.,Arrotondare un numero al valore intero più vicino.,Moltiplicare due valori tra loro.,Interpolare linearmente tra due valori (A e B) in base a un fattore Alpha.
Cosa fa il nodo 'Get Relative Location' in Blueprint?,Ottiene la posizione globale di un attore nel mondo.,Calcola la distanza tra due attori.,Imposta la posizione di un componente.,Ottiene la posizione di un componente relativa al suo attore padre.,Ottiene la posizione di un componente relativa al suo attore padre.
Qual è lo scopo del nodo 'Cast To' in Blueprint?,Distruggere un attore dal mondo di gioco,Creare un nuovo attore nel mondo di gioco,Duplicare un attore esistente.,"Tentare di convertire un riferimento generico di un attore in un tipo più specifico (ad esempio, un Player Character).","Tentare di convertire un riferimento generico di un attore in un tipo più specifico (ad esempio, un Player Character)."
Cosa fa il nodo 'Add' in Blueprint?,Sommare due o più valori numerici o vettoriali.,Creare un array di elementi.,Aggiungere un nuovo componente a un attore.,Inserire un attore in una scena.,Sommare due o più valori numerici o vettoriali.
Cosa rappresenta l'evento 'Event BeginPlay' in Blueprint?,Un evento che si attiva quando l'utente preme un tasto.,Un evento che si attiva quando l'attore viene distrutto.,Un evento che si attiva quando il gioco inizia o quando un attore viene generato.,Un evento che si attiva ogni fotogramma di gioco.,Un evento che si attiva quando il gioco inizia o quando un attore viene generato.
Perché è utile usare un 'actor scene' come pivot per la rotazione di una porta invece di ruotare direttamente la mesh della porta?,Per aggiungere effetti sonori all'apertura della porta.,Per rendere la porta invisibile.,Per cambiare il colore della porta.,Per far ruotare la porta attorno a un punto specifico senza che la porta stessa si muova dalla sua origine.,Per far ruotare la porta attorno a un punto specifico senza che la porta stessa si muova dalla sua origine.
Qual è la funzione del nodo 'Event Tick' in Blueprint?,Un nodo per gestire l'input da tastiera.,Un nodo che si attiva solo una volta all'inizio del gioco.,"Un nodo che si attiva ogni fotogramma del gioco, utile per logiche continue.",Un nodo per calcolare la fisica degli oggetti.,"Un nodo che si attiva ogni fotogramma del gioco, utile per logiche continue."
Come si rileva in Blueprint che il giocatore ha 'raccolto' un oggetto usando una collision box?,Utilizzare il nodo 'Print String' per rilevare la collisione.,Utilizzare l'evento 'OnComponentBegin Overlap' del componente Collision Box associato all'oggetto,Utilizzare il nodo 'Delay' per attendere che l'oggetto sia raccolto.,Utilizzare l'evento 'Event Tick' per controllare costantemente la posizione del giocatore.,Utilizzare l'evento 'OnComponentBegin Overlap' del componente Collision Box associato all'oggetto
"Nell'implementazione di una porta che si apre e si chiude, a cosa servirebbe una 'Timeline'?",Per attivare un evento sonoro quando la porta è completamente aperta.,Per calcolare la distanza tra la porta e il giocatore.,"Per creare un'animazione di movimento fluido per la porta, ad esempio usando una Timeline con una curva Float",Per cambiare il materiale della porta.,"Per creare un'animazione di movimento fluido per la porta, ad esempio usando una Timeline con una curva Float"
È corretto affermare che i Blueprint Widget sono utilizzati solo per creare menu di pausa o schermate di caricamento?,"Si, possono essere usati solo per menù di pausa o schermate di caricamento","No, sono fondamentali per creare HUD, menu, inventari e qualsiasi altro elemento grafico interattivo.",Solo per visualizzare testo statico.,Sono stati sostituiti da altri sistemi più moderni.,"No, sono fondamentali per creare HUD, menu, inventari e qualsiasi altro elemento grafico interattivo."
Qual è il ruolo del nodo End Overlap in Blueprint?,Attivare un evento quando un attore smette di sovrapporsi con una collision box.,Rilevare solo le collisioni fisiche.,Far esplodere un attore.,Creare un'animazione di movimento.,Attivare un evento quando un attore smette di sovrapporsi con una collision box.
A cosa serve il nodo Set Relative Location?,Ottenere la posizione di un componente.,Impostare la posizione globale di un attore nel mondo.,Impostare la posizione di un componente relativa al suo attore padre.,Far scomparire un attore.,Impostare la posizione di un componente relativa al suo attore padre.
A cosa serve il nodo Branch in Blueprint?,Per eseguire una sequenza di azioni in parallelo.,Per creare una funzione riutilizzabile.,Per introdurre un ritardo nell'esecuzione.,Per eseguire una logica diversa in base a una condizione booleana (True/False).,Per eseguire una logica diversa in base a una condizione booleana (True/False).
if (!Variabile) { return; } - quando viene eseguito il return?,"Sempre, indipendentemente dal valore",Quando la variabile è true o valida,Solo se la variabile è di tipo bool,"Quando la variabile è nulla, false o zero","Quando la variabile è nulla, false o zero"
Cosa significa UPROPERTY (EditAnywhere) sopra una variabile?,La variabile può essere modificata solo nel codice C++,La variabile è accessibile solo in modalità gioco,La variabile viene automaticamente salvata,La variabile è visibile e modificabile nell'editor di Unreal,La variabile è visibile e modificabile nell'editor di Unreal
"Se vedi Super:: BeginPlay(); all'inizio di un metodo, cosa sta facendo?",Sta chiamando il BeginPlay di tutte le classi,Sta creando un nuovo oggetto,Sta saltando l'esecuzione del BeginPlay,Sta chiamando il BeginPlay della classe genitore,Sta chiamando il BeginPlay della classe genitore
GetOwner()->Destroy(); chiamato da un componente cosa viene distrutto?,Tutti i componenti dell'attore,II World intero,Solo il componente stesso,L'intero attore che possiede il componente,L'intero attore che possiede il componente
UFUNCTION (BlueprintCallable) - che funzionalità aggiungiamo?,La funzione può essere chiamata dai Blueprint,La funzione può essere chiamata solo una volta,La funzione viene compilata automaticamente,La funzione è più veloce,La funzione può essere chiamata dai Blueprint
CurrentHealth -= Amount cosa succede?,Divide CurrentHealth per Amount,Controlla se CurrentHealth è uguale ad Amount,Confronta CurrentHealth con Amount.,Sottrae Amount da CurrentHealth e assegna il risultato a CurrentHealth,Sottrae Amount da CurrentHealth e assegna il risultato a CurrentHealth
Cosa restituisce GetComponentByClass<ULifeComponent>() se il componente non viene trovato?,Un componente vuoto,Un errore di compilazione,Zero,Null,Null
"In Tick(float DeltaTime), cosa rappresenta DeltaTime?",Il tempo passato dall'ultimo frame.,Il tempo totale di gioco,La velocità del gioco,Il numero di frame al secondo,Il tempo passato dall'ultimo frame.
PrimaryComponentTick.bCanEverTick = false; nel costruttore cosa significa?,Il Tick() viene chiamato ogni 2 frame,II BeginPlay non viene eseguito,II componente chiama Tick() solo in editor,Il componente non chiamerà mai il metodo Tick(),Il componente non chiamerà mai il metodo Tick()
Cosa significa override dopo una dichiarazione di funzione?,Si sta sovrascrivendo una funzione virtuale della classe base,La funzione è pubblica,La funzione viene eseguita per prima,La funzione non può essere modificata,Si sta sovrascrivendo una funzione virtuale della classe base
TArray<FStruct> cosa rappresenta?,Un richiamo ad una funzione di tipo TArray,Un array dinamico che può crescere/ridursi,Un puntatore ad un componente,Una mappa chiave-valore,Un array dinamico che può crescere/ridursi
Cosa otteniamo tramite GetWorld()?,La posizione del giocatore,Il riferimento al mondo/livello corrente,Il nome del livello,II GameMode,Il riferimento al mondo/livello corrente
"Cosa fa questo codice? void AMyActor:: BeginPlay() { Super::BeginPlay(); UE_LOG(LogTemp, Warning, TEXT(""Actor is spawned!"")); }",Aggiunge un nuovo componente all'attore,Mostra un messaggio nel log quando l'attore viene creato nel gioco,Mostra un messaggio nel log quando l'attore viene distrutto,Modifica la posizione dell'attore nel mondo,Mostra un messaggio nel log quando l'attore viene creato nel gioco
float Speed $=250.0f$ - cosa indica il suffisso f?,Indica che è una variabile finale,Specifica che è un tipo float,Rende la variabile visibile in Blueprint,Specifica che il numero deve essere obbligatoriamente superiore a 100,Specifica che è un tipo float
"FVector MyVector(10, 0, 0); MyVector. Normalize(); cosa fa Normalize?",Elimina il vettore,"Imposta le dimensioni del vettore a (10, 0, 0)",Aumenta la lunghezza del vettore e mantiene la direzione invariata,Imposta la lunghezza del vettore a 1 e mantiene la direzione invariata,Imposta la lunghezza del vettore a 1 e mantiene la direzione invariata
What should do an AnimGraph?,Organize the communication between the game design and the gameplay programmer,Generate a pose for an animatable object,Drive the material variables,Guide the game code,Generate a pose for an animatable object
Why do we use a graph in an animation system?,To be able to change animation fast,To better inform code of our animation,To share animation between different entity,To manage complex blending and animation mixing,To manage complex blending and animation mixing
What are the advantages of a Hierarchical State Machine?,It's smaller,"It's a lot easier to reason about, to debug, etc.",They have more parameters to change,It's a lot faster for a computer to calculate,"It's a lot easier to reason about, to debug, etc."
What a Technical Animator can ask to a rigger?,"Helper Bones, IK system, etc.",A different topology,To change the material slots,A tool for improving blending in engine,"Helper Bones, IK system, etc."
Which of these is a best practice in rigging?,Merge multiple skeletons into one,Create a Uber-Skeleton,Way less anim bones than mesh bones,Separate every rig into multiple parts,Way less anim bones than mesh bones
Which of these is a principle of animation?,Push and pull,Follow-through & overlapping action,Twist and fold,Keep it simple,Follow-through & overlapping action
Which of these is a common type of animation?,Cycles,Recursive actions,One-Shot,Repercussions,Cycles
What is Root motion?,A code driven approach to character movement,An animation type,An animation driven approach to character movement,A set of information,An animation driven approach to character movement
Which from these are kinds of blending?,Interpolative and additive,Curve based,Interpolative and Multiplicative,Deductible and percentage,Interpolative and additive
What is an IK system in engine?,A complex system for selecting animation from a pool,A unique kind of blending,Procedural pose modification,A set of controller for animation a Character,Procedural pose modification
"Quale strumento di Unreal Engine è primariamente utilizzato per scolpire, dipingere e gestire grandi superfici di terreno?",Static Mesh Editor,Material Editor,Landscape Mode,Niagara System,Landscape Mode
"Quale delle seguenti affermazioni è vera riguardo al ""World Partition"" in Unreal Engine 5?",È un sistema legacy sostituito da World Composition.,Serve esclusivamente per il rendering di filmati cinematici.,"È un sistema di gestione del mondo che carica e scarica automaticamente parti del livello, migliorando le performance.",Permette solo la creazione di mondi di piccole dimensioni.,"È un sistema di gestione del mondo che carica e scarica automaticamente parti del livello, migliorando le performance."
Quale tipo di luce è comunemente usato per simulare la luce solare e proiettare ombre direzionali in un ambiente esterno?,Point Light,Spot Light,Rect Light,Directional Light,Directional Light
Cos'è il FLOW nel processo di Level Design di un gioco?,è un jingle musicale molto orecchiabile,è l'unione di tutti gli asset che fanno parte del livello,il flusso di gioco che il player affronta per arrivare alla fine del livello. solitamente sotto forma di schema bidimensionale con una legenda,è il percorso più breve che il giocatore deve compiere per arrivare alla fine del livello,il flusso di gioco che il player affronta per arrivare alla fine del livello. solitamente sotto forma di schema bidimensionale con una legenda
Cos'è un DRAFT nel processo di Level Design di un gioco?,Il bozzetto a matita di un livello di gioco,La planimetria del livello contenente tutti i punti di interesse,Il percorso che il giocatore compie per raggiungere l'uscita in un livello,La bozza 3D del livello,La planimetria del livello contenente tutti i punti di interesse
"Qual è lo scopo principale dell'utilizzo di ""Quixel Megascans"" in Unreal Engine per la creazione di ambienti?",Creare effetti particellari complessi.,Generare codice di gameplay.,Fornire asset 3D e materiali fotorealistici scansionati dal mondo reale per aumentare il realismo dell'ambiente.,Creare animazioni di personaggi.,Fornire asset 3D e materiali fotorealistici scansionati dal mondo reale per aumentare il realismo dell'ambiente.
Quale dei seguenti è un principio fondamentale per creare ambienti coerenti e credibili?,"Inserire il maggior numero possibile di asset, indipendentemente dal contesto.","Mantenere coerenza visiva, narrativa e logica tra tutti gli elementi dell'ambiente.",Utilizzare sempre colori vivaci e saturi.,Ignorare completamente la scala e le proporzioni.,"Mantenere coerenza visiva, narrativa e logica tra tutti gli elementi dell'ambiente."
Quale di queste NON è una regola compositiva tridimensionale?,Lighting,Landmarks,Anticipation,Fashioning,Fashioning
"In un workflow di Level Design, cosa si intende per ""Greyboxing"" o ""Blockout""?",La fase di texturing dove si utilizzano solo sfumature di grigio.,"La creazione di una versione grezza del livello utilizzando forme geometriche di base per definire layout, proporzioni e scala.",L'ottimizzazione del codice del gioco.,Un livello molto buio,"La creazione di una versione grezza del livello utilizzando forme geometriche di base per definire layout, proporzioni e scala."
"Quale strumento di Unreal Engine è utilizzato per posizionare manualmente grandi quantità di oggetti statici come alberi, rocce e cespugli su un terreno?",Blueprint Editor,Sequencer,Foliage Mode,Widget Blueprint,Foliage Mode
Quale di queste NON è una regola compositiva dovuta all'inquadratura?,Rule of thirds,Framing,Regola dei 3 quinti,Leading lines,Regola dei 3 quinti
Come posso creare un Blockout?,Solo tramite cubi base di Unreal,Tramite ogni forma base di Unreal ma anche tramite forme geometriche o asset 3D abbozzati con strumenti di modellazione esterni,Tramite ogni forma geometrica di base solo ed esclusivamente con Blender,Tramite ogni forma geometrica di base solo ed esclusivamente fuori da Unreal Engine con qualsiasi tipo di editor 3D,Tramite ogni forma base di Unreal ma anche tramite forme geometriche o asset 3D abbozzati con strumenti di modellazione esterni
"Quale strumento di Unreal Engine è ideale per creare fiumi, laghi o oceani?",River System,Water System,Particle System,Ocean System,Water System
"Cosa rappresenta una ""Heightmap"" nell'ambito della creazione di Landscape in Unreal Engine?",Una mappa che contiene i punti di interesse del livello.,Una mappa che controlla la riflessione di un materiale.,Un'immagine in scala di grigi dove il valore di ogni pixel determina l'altezza del terreno.,Una mappa che applica il colore al terreno.,Un'immagine in scala di grigi dove il valore di ogni pixel determina l'altezza del terreno.
"Quando parliamo di ""Light Mobility"" quali tipologie di luci esistono?","Static, Stationary and Movable","Static, Stationary and Stable","Static, Stationary and Diametrical","Static, Stable and Diametrical","Static, Stationary and Movable"
Quale di questi è un Plug-in per il Bake delle luci?,Fantastic Lights,GPU Lightmass,CPU Lightmass,GPU Lightmixer,GPU Lightmass
"Quale tipo di ""Actor"" è spesso usato per aggiungere dettagli superficiali come pozzanghere, impronte o graffiti su altre superfici?",Static Mesh Actor,Skeletal Mesh Actor,Decal Actor,Cine Camera Actor,Decal Actor
"Per controllare gli asset posizionati con il Foliage Tool, quali di queste impostazioni sono disponibili?",Solo il colore dell'asset.,Solo la visibilità dell'asset.,"Densità, Allineamento alla Normale, Scaling (min/max), Rotazione (min/max), e Collision.",Il numero di poligoni dell'asset.,"Densità, Allineamento alla Normale, Scaling (min/max), Rotazione (min/max), e Collision."
"Quale tra queste è una impostazione di ""Post Process Volume""?","""Mesh Settings""","""Navigation Mesh""","""Rendering Features"" (es. Bloom, Vignette, Color Grading, Volumetric Fog).","""Audio Settings""","""Rendering Features"" (es. Bloom, Vignette, Color Grading, Volumetric Fog)."
"Se si vuole creare un nuovo livello da zero, cosa possiamo utilizzare per inserire le luci dell'ambiente in modo veloce e preciso?",Env. Mixer,Env. World Mixer,Env. Level Mixer,Env. Light Mixer,Env. Light Mixer
Qual è il ruolo principale del Version Control System nella gestione dei progetti su Unreal Engine?,II Version Control System (VCS) è un plugin di Unreal Engine che automatizza la creazione di asset 3D.,II Version Control System (VCS) serve esclusivamente a comprimere i file di progetto per ridurne le dimensioni.,II Version Control System (VCS) permette a più sviluppatori di lavorare simultaneamente sullo stesso progetto senza sovrascrivere il lavoro altrui.,"II Version Control System (VCS) è superfluo per i progetti Unreal Engine, dato che il motore gestisce automaticamente i backup.",II Version Control System (VCS) permette a più sviluppatori di lavorare simultaneamente sullo stesso progetto senza sovrascrivere il lavoro altrui.
Quali sono i sistemi di controllo versione più comuni utilizzati con Unreal Engine e per quali scenari sono tipicamente raccomandati?,Solo SVN (Subversion) è ufficialmente supportato da Unreal Engine per il controllo versione.,"Git è generalmente preferito per i progetti di piccole e medie dimensioni grazie alla sua natura distribuita, mentre Perforce è spesso scelto per progetti AAA con team numerosi e grandi quantità di file binari.","Perforce è la scelta ideale per tutti i tipi di progetti Unreal Engine, indipendentemente dalle dimensioni del team o dalla natura degli asset.","Nessun sistema di controllo versione esterno è necessario, in quanto Unreal Engine ha un sistema di controllo versione integrato che gestisce autonomamente tutti gli asset.","Git è generalmente preferito per i progetti di piccole e medie dimensioni grazie alla sua natura distribuita, mentre Perforce è spesso scelto per progetti AAA con team numerosi e grandi quantità di file binari."
"Come si gestiscono gli asset di grandi dimensioni (es. texture, mesh) all'interno di un sistema di controllo versione per un progetto Unreal Engine?","È buona pratica includere tutti gli asset binari nel controllo versione, utilizzando soluzioni come Git LFS per Git o le funzionalità native di Perforce per la gestione di file di grandi dimensioni."," Unreal Engine comprime automaticamente gli asset binari per facilitarne l'inclusione in
qualsiasi VCS, senza bisogno di strumenti aggiuntivi.","Gli asset binari di Unreal Engine, come texture e mesh, devono essere esclusi dal controllo versione per evitare rallentamenti.","Gli asset binari devono essere archiviati su un drive di rete separato e non essere mai
sottoposti a controllo versione.","È buona pratica includere tutti gli asset binari nel controllo versione, utilizzando soluzioni come Git LFS per Git o le funzionalità native di Perforce per la gestione di file di grandi dimensioni."
Come si gestiscono i conflitti di unione (merge conflicts) in un progetto Unreal Engine che utilizza il controllo versione?,"I conflitti sorgono quando due sviluppatori modificano lo stesso asset o la stessa linea di codice. Si risolvono manualmente, unendo le modifiche con strumenti forniti dal VCS o dall'IDE di Unreal Engine (es. 'Merge Tool').","Unreal Engine risolve automaticamente i conflitti senza intervento manuale, privilegiando sempre la versione più recente.",I conflitti in Unreal Engine si risolvono sempre sovrascrivendo la versione del proprio collega con la propria.,"Per evitare conflitti, è sufficiente che ogni sviluppatore lavori su un file diverso del progetto.","I conflitti sorgono quando due sviluppatori modificano lo stesso asset o la stessa linea di codice. Si risolvono manualmente, unendo le modifiche con strumenti forniti dal VCS o dall'IDE di Unreal Engine (es. 'Merge Tool')."
Qual è la considerazione più importante per il controllo versione quando si decide di cambiare la versione di Unreal Engine utilizzata in un progetto?,"È buona pratica aggiornare la versione del motore solo dopo aver completato l'intero progetto, per evitare problemi di compatibilità.","Il controllo versione non ha alcun impatto sui cambiamenti di versione del motore, dato che gestisce solo i file di progetto.","Quando si cambia versione del motore, è cruciale aggiornare tutti gli sviluppatori alla stessa versione e verificare la compatibilità del progetto, risolvendo eventuali problemi di migrazione con il controllo versione.","Il controllo versione gestisce automaticamente l'aggiornamento del motore, quindi non è necessario alcun intervento manuale.","Quando si cambia versione del motore, è cruciale aggiornare tutti gli sviluppatori alla stessa versione e verificare la compatibilità del progetto, risolvendo eventuali problemi di migrazione con il controllo versione."
"II ""Fail Fast"" nell'Agile Game Development. Nel contesto dello sviluppo Agile di videogiochi, cosa significa il principio ""Fail Fast"" (Fallire Velocemente) e perché è considerato un vantaggio?",Significa cancellare il progetto al primo bug significativo per evitare perdite economiche.,"Significa testare le idee di gameplay o le meccaniche di base il prima possibile, anche con prototipi grezzi, per scoprire se sono divertenti o funzionali prima di investirci troppo tempo e risorse.",Si riferisce a una strategia di marketing che prevede di lanciare il gioco in accesso anticipato (Early Access) senza alcun test interno.,"È una tecnica per cui gli sviluppatori ignorano deliberatamente gli errori di codice per accelerare la produzione, pianificando di correggerli tutti solo alla fine.","Significa testare le idee di gameplay o le meccaniche di base il prima possibile, anche con prototipi grezzi, per scoprire se sono divertenti o funzionali prima di investirci troppo tempo e risorse."
"II Ruolo dello Scrum Master.In un team di sviluppo di videogiochi che usa Scrum, quale è la responsabilità principale dello Scrum Master durante una Sprint Review?",Decidere quali elementi del Product Backlog verranno sviluppati nella prossima Sprint.,Presentare l'incremento del gioco agli stakeholder e raccogliere il loro feedback.,"Assicurarsi che l'evento si svolga correttamente, che sia mantenuto entro i limiti di tempo (time-box) e che tutti i partecipanti comprendano il suo scopo, facilitando la collaborazione.",Valutare la performance individuale di ogni membro del team di sviluppo e assegnare i compiti per la settimana successiva.,"Assicurarsi che l'evento si svolga correttamente, che sia mantenuto entro i limiti di tempo (time-box) e che tutti i partecipanti comprendano il suo scopo, facilitando la collaborazione."
Gestione del Flusso con Kanban. Un team di artisti che lavora alla creazione di asset per un videogioco decide di adottare Kanban. Quale pratica è fondamentale per implementare Kanban in modo efficace e prevenire sovraccarichi di lavoro?,Creare una lista di tutti gli asset da produrre all'inizio del progetto e assegnarli immediatamente a ogni artista.,"Introdurre limiti al ""Work In Progress"" (WIP) per ogni colonna della bacheca Kanban (es. ""Bozzetto"", ""Modellazione 3D"", ""Texturing"").",Eliminare tutte le scadenze per promuovere un ambiente di lavoro senza stress.,Svolgere una riunione di pianificazione dettagliata ogni due settimane per definire il lavoro futuro.,"Introdurre limiti al ""Work In Progress"" (WIP) per ogni colonna della bacheca Kanban (es. ""Bozzetto"", ""Modellazione 3D"", ""Texturing"")."
Differenza Chiave tra Scrum e Kanban. Quale delle seguenti affermazioni descrive una differenza fondamentale tra l'approccio di Scrum e quello di Kanban nella gestione della produzione?,"Scrum è adatto solo per team di programmatori, mentre Kanban è progettato esclusivamente per team di artisti e game designer.","Scrum opera in iterazioni di lunghezza fissa (Sprint) con un impegno definito di lavoro, mentre Kanban si concentra su un flusso continuo e non ha interazioni prescritte.","In Scrum non è permesso cambiare il lavoro pianificato durante una Sprint, mentre in Kanban le priorità possono essere cambiate più volte al giorno senza alcun impatto.","Kanban richiede ruoli specifici come il ""Kanban Master"" e il ""Product Owner"", mentre Scrum non ha ruoli predefiniti.",
"II Product Backlog in un Progetto di Gioco. In un progetto di videogioco gestito con Scrum, il Product Backlog è meglio descritto come:","Un elenco statico e immutabile di tutte le funzionalità del gioco, approvato all'inizio del progetto e usato come una checklist.","Un documento tecnico che contiene solo le specifiche dettagliate per i programmatori, escludendo gli aspetti di design e artistici.",Una lista ordinata e dinamica di tutto ciò che è noto essere necessario per il gioco. È la singola fonte di requisiti per qualsiasi cambiamento da apportare al prodotto.,L'elenco dei compiti assegnati al team di sviluppo per la Sprint corrente.,Una lista ordinata e dinamica di tutto ciò che è noto essere necessario per il gioco. È la singola fonte di requisiti per qualsiasi cambiamento da apportare al prodotto.
Qual è uno dei principali vantaggi di un sistema ottico per il Motion Capture rispetto ad altre tecnologie?,Costo estremamente basso per sistemi professionali.,Non richiede alcuna calibrazione iniziale.,Alta precisione e bassa latenza grazie al tracciamento ottico marker-based.,Permette il tracciamento di oggetti invisibili.,Alta precisione e bassa latenza grazie al tracciamento ottico marker-based.
Quale componente hardware è fondamentale in un sistema Optitrack per catturare i movimenti?,Un guanto aptico.,Un visore VR,Telecamere,Un sensore di pressione,Telecamere
"In Unreal Engine, quale plugin è tipicamente utilizzato per importare e gestire i dati di Motion Capture in tempo reale da Optitrack",Datasmith,V-Ray,Live Link,Motion Importer,Live Link
"Prima di iniziare una sessione di Motion Capture con Optitrack, quale operazione è cruciale per garantire la precisione dei dati?",Effettuare la calibrazione del sistema e del volume di cattura.,Indossare abiti di colore chiaro.,Spegnere tutte le luci nella stanza.,Iniziare immediatamente a registrare senza preparazione.,Effettuare la calibrazione del sistema e del volume di cattura.
Quale delle seguenti affermazioni descrive meglio l'utilità di Unreal Engine in un workflow di Motion Capture con Optitrack?,Serve esclusivamente per il rendering finale del filmato catturato.,"Permette la visualizzazione in tempo reale, la retargeting su un personaggio 3D e l'integrazione degli animazione nel contesto di una scena virtuale.",utilizzato solo per la creazione di modelli 3D di oggetti inanimati.,È un software di editing video per post-produzione.,"Permette la visualizzazione in tempo reale, la retargeting su un personaggio 3D e l'integrazione degli animazione nel contesto di una scena virtuale."
Qual è il principio di funzionamento principale dei sistemi di motion capture come OptiTrack?,Registrazione di onde sonore,Rilevamento di segnali GPS,Tracciamento di marcatori passivi o attivi tramite telecamere a infrarossi,Analisi di immagini 2D,Tracciamento di marcatori passivi o attivi tramite telecamere a infrarossi
"A cosa serve il processo di ""calibrazione"" in un sistema OptiTrack?",A regolare la luminosità delle telecamere.,A definire il volume di cattura e a determinare la posizione esatta di ogni telecamera nello spazio 3D.,A bilanciare il peso dei marcatori.,A sincronizzare l'audio con il movimento.,A definire il volume di cattura e a determinare la posizione esatta di ogni telecamera nello spazio 3D.
Quale software di motion capture è comunemente utilizzato con i sistemi OptiTrack?,Motive,Adobe After Effects,Autodesk Maya,Blender,Motive
"Per ottenere una cattura di alta qualità, cosa è fondamentale evitare nell'ambiente di lavoro?",Troppa luce naturale.,Riflessi o fonti di luce a infrarossi che possono confondere le telecamere.,Pavimenti in moquette.,Pareti bianche.,Riflessi o fonti di luce a infrarossi che possono confondere le telecamere.
"A cosa si riferisce il termine ""Occlusion"" in motion capture?",La distorsione del segnale.,"Quando un marcatore è bloccato alla vista di tutte le telecamere da un'altra parte del corpo o da un oggetto, causando una perdita di dati.",Un tipo di errore nella calibrazione,La sovrapposizione di due movimenti.,"Quando un marcatore è bloccato alla vista di tutte le telecamere da un'altra parte del corpo o da un oggetto, causando una perdita di dati."
"Cosa si intende per ""Noise"" (rumore) nei dati di motion capture?",I suoni registrati durante la sessione.,I movimenti del corpo non previsti.,La luminosità ambientale.,"I dati non corretti o le piccole fluttuazioni nei dati di posizione dei marcatori, che non corrispondono al movimento reale.","I dati non corretti o le piccole fluttuazioni nei dati di posizione dei marcatori, che non corrispondono al movimento reale."
"A cosa serve un ""rigid body"" in OptiTrack Motive?",A calibrare i movimenti del corpo.,"A raggruppare un set di marcatori in un unico oggetto solido e tracciabile, come una spada o un casco.",A registrare la rigidità muscolare.,A creare un modello di personaggio.,"A raggruppare un set di marcatori in un unico oggetto solido e tracciabile, come una spada o un casco."
"Spiega la frequenza di campionamento: Se vogliamo catturare una frequenza di 20kHz, qual è la frequenza di campionamento minima richiesta e cosa accade se la frequenza del segnale supera la metà della frequenza di campionamento?",20kHz,40kHz,"48kHz, ma solo se il bit depth è 24-bit",,40kHz
"Bit Depth vs. Gamma Dinamica: In che modo l'aumento della profondità di bit (es. da 16-bit a 24-bit) influisce sul ""Noise Floor"" (rumore di fondo) e qual è la relazione matematica approssimativa tra bit e Decibel (dB)?",Un aumento della risposta in frequenza sopra i 20kHz,Un aumento della gamma dinamica e un abbassamento del rumore di fondo,Una riduzione della latenza di elaborazione della CPU,,Un aumento della gamma dinamica e un abbassamento del rumore di fondo
Percorso del Segnale: Descrivi brevemente il ruolo di un DAC (Convertitore Digitale-Analogico) nel contesto dell'output audio di un motore di gioco verso le cuffie dell'utente.,Converte i campioni binari/tensione digitale in tensione analogica per gli altoparlanti.,Comprimere i file audio in formato MP3 per risparmiare spazio su disco,Analizzare la frequenza fondamentale di un segnale in ingresso,,Converte i campioni binari/tensione digitale in tensione analogica per gli altoparlanti.
Audio in Virgola Mobile (Floating Point): Unreal Engine elabora l'audio internamente a 32-bit float. Qual è il vantaggio principale dell'elaborazione in virgola mobile rispetto a quella intera (fixed-point) durante catene di DSP complesse?,Previene il clipping durante i calcoli interni grazie all'enorme margine di manovra (headroom),Perché i file audio occupano meno spazio nella memoria RAM,Per rendere i suoni compatibili con i monitor HDR,,Previene il clipping durante i calcoli interni grazie all'enorme margine di manovra (headroom)
"Trigger vs. Data: In MetaSound, qual è la differenza fondamentale tra un input di tipo ""Trigger"" e un input di tipo ""Float""?",Il Trigger è obbligatorio per i programmatori; il Float è per i sound designer,I Trigger sono eventi istantanei; i Float sono segnali continui.,II Trigger serve solo per i suoni mono; il Float per quelli stereo,,I Trigger sono eventi istantanei; i Float sono segnali continui.
"L'Interfaccia MetaSound: Perché useresti un ""Output"" di MetaSound per inviare dati a un Blueprint?",Per collegare fisicamente le casse del computer al motore di gioco,Per esportare il suono come file.WAV durante l'esecuzione del gioco,Per inviare trigger o dati dal MetaSound verso i Blueprint in tempo reale,,Per inviare trigger o dati dal MetaSound verso i Blueprint in tempo reale
"Perché un inviluppo generato dentro MetaSound è più preciso di uno generato tramite il ""Tick"" di un Blueprint?",Perché MetaSound utilizza la GPU invece della CPU,"Perché MetaSound lavora a risoluzione di campione (es. 48.000 volte al secondo), mentre il Tick dipende dal frame rate",Perché i Blueprint non possono gestire valori decimali,,"Perché MetaSound lavora a risoluzione di campione (es. 48.000 volte al secondo), mentre il Tick dipende dal frame rate"
"Come gestisce MetaSound un ""Delayed Trigger"" se il ritardo cade tra due campioni audio?",Arrotonda il ritardo al frame video più vicino,Calcola l'offset esatto dei campioni per mantenere la precisione temporale,Ignora il trigger per evitare errori di sincronizzazione,,Calcola l'offset esatto dei campioni per mantenere la precisione temporale
"Nel nodo Wave Player, cosa permettono di fare i parametri ""Loop Start"" e ""Loop Duration""?",Cambiare la velocità di riproduzione del file audio,Definire una porzione specifica del file audio da ripetere ciclicamente in modo non distruttivo,Cancellare automaticamente il file audio dalla memoria una volta terminato,,Definire una porzione specifica del file audio da ripetere ciclicamente in modo non distruttivo
II Clock di Metasound: Stai creando un rhythm game. Perché useresti un Metasound invece di un normale nodo Delay o di una Timeline in un Blueprint?,Crea automaticamente una melodia basata sulla posizione del giocatore,"Garantisce la riproduzione dei suoni con precisione al campione, indipendentemente dalle fluttuazioni del frame rate",Permette di caricare file MP3 molto pesanti senza rallentare il gioco,,"Garantisce la riproduzione dei suoni con precisione al campione, indipendentemente dalle fluttuazioni del frame rate"
MIDI: quale plugin serve attivare per utilizzare il MIDI in Metasound,MIDI device support,Harmonix,OSC,,Harmonix
Come riesce Metasound a mantenere il tempo anche se il gioco ha un calo di prestazioni (lag)?,Utilizza un Thread dedicato,Accelera la velocità del gioco per recuperare il tempo perso,Abbassa la qualità del suono per risparmiare risorse,,Utilizza un Thread dedicato
"Qual è l'utilità di un ""Audio Modulation Control Bus""?",Serve a trasformare un segnale audio in un segnale video,È necessario per far funzionare il microfono del giocatore,"Permette di controllare un parametro audio da una fonte esterna, disaccoppiando la logica di gioco dal suono",,"Permette di controllare un parametro audio da una fonte esterna, disaccoppiando la logica di gioco dal suono"
"In una gerarchia di Submix, se applichi un effetto al ""Master Submix"", a chi viene applicato?",A tutti i suoni del gioco che passano attraverso i submix figli,Solo ai suoni che non hanno una spazializzazione 3D,Solo alla musica di sottofondo,,A tutti i suoni del gioco che passano attraverso i submix figli
Submix Effects: Qual'è la differenza tra un Submix Effects Preset ed un Source Effect Preset,Submix Preset Effect deve essere caricato in un Submix Effect Chain e si applica solo al submix. Source Effect Preset si applica alla sorgente che può essere una Metasound,Nessuna,Source Effect Preset si applica ai materiali,,Submix Preset Effect deve essere caricato in un Submix Effect Chain e si applica solo al submix. Source Effect Preset si applica alla sorgente che può essere una Metasound
Dry/Wet: cosa controllano nei Submix?,I controlli gestiscono i gain rispettivamente del segnale pulito e del segnale con effetti applicati,Quanto viene distorto il segnale,,,I controlli gestiscono i gain rispettivamente del segnale pulito e del segnale con effetti applicati
"Impostazioni di Attenuazione: Qual è la differenza tra ""Attenuation (Volume)"" e ""Attenuation (Spatialization)"" nelle impostazioni di spazializzazione di Unreal?","Volume gestisce il volume della sorgente in base alla distanza dall'ascoltatore, Spatialization gestisce l'angolazione della sorgente rispetto all'ascoltatore","Volume gestisce la dimensione dello spazio virtuale in cui è immerso l'ascoltatore, Spatialization la modalità di rendering",Il volume globale del submix,,"Volume gestisce il volume della sorgente in base alla distanza dall'ascoltatore, Spatialization gestisce l'angolazione della sorgente rispetto all'ascoltatore"
Attenuazione: la posizione dell'ascoltatore è la posizione del character?,"No, è sempre dove è la camera","Si, sempre","Generalmente dove è la camera, ma posso customizzarla",,"Generalmente dove è la camera, ma posso customizzarla"
"Quali di queste sono funzioni di calcolo della curva di attenuazione presenti nel menu ""Attenuation (Volume)""?","Natural Sound, Logarithmic, Linear","Sine, Square, Tri","Left, Right, Front",,"Natural Sound, Logarithmic, Linear"
Qual è la tecnica migliore per gestire 100 suoni ambientali simultanei senza saturare la CPU?,"Voice Stealing (Concurrency) e utilizzo di trigger ""One-Shot"" in MetaSound.",Decide il Garbage Collector,Attivare e disattivare le Metasound da Blue Print,,"Voice Stealing (Concurrency) e utilizzo di trigger ""One-Shot"" in MetaSound."
What exactly is localization?,"The translation of dialogues, menus, and subtitles into the target languages",The complete process of adapting a video game for players from different cultures,Releasing of a game in different markets,The positioning of a game within a specific target audience,The complete process of adapting a video game for players from different cultures
Does localization need to ensure compliance with the regulations of different countries?,Yes,No,Only for age rating,Only for censorship-related laws,Yes
Does localization include modifying graphic elements in the game or potentially ambiguous or inappropriate names?,It depends on the flexibility of the target country,No,"Yes, in order to ensure the game can be distributed without potential risks","Only names, not graphic elements","Yes, in order to ensure the game can be distributed without potential risks"
"During the localization process, can jokes be altered?",Dialogues cannot be altered in any way,They can only be altered up to a percentage equal to 30% of the total dialogue,Dialogues can be altered to make them more appealing to the target audience,Only in case of dialogues related to religious topics,Dialogues can be altered to make them more appealing to the target audience
Are dubbing and subtitles based on the same text?,"Yes, but subtitles are shortened during the adaptation process","No, they are translated and adapted separately because they have different viewing and usability objectives",It depends on the project,"When a game is dubbed, subtitles become unnecessary","No, they are translated and adapted separately because they have different viewing and usability objectives"
What does Localization Quality Assurance (LQA) deal with?,The quality level of translations,"Linguistic errors and inconsistencies, layout bugs, cultural issues, and technical problem",The presence of gameplay bugs,The presence of any invisible walls in the game,"Linguistic errors and inconsistencies, layout bugs, cultural issues, and technical problem"
"When translating from English to Italian, the text:",Becomes 30% shorter,Becomes more than 50% longer,Can become up to 30% longer,Always remains the same length,Can become up to 30% longer
"In video games, are texts linked to the code or managed separately?",They are always linked to the code,They are always separated,"They are linked, but can be easily separated","It depends on the game engine used. In older and less flexible engines, they are linked to the code. In modern ones, they are separated.","It depends on the game engine used. In older and less flexible engines, they are linked to the code. In modern ones, they are separated."
"When looking for someone to localize your game, it is important to:",Choose native-speaking translators who are familiar with game mechanics,Choose inexpensive translators,Rely entirely on Artificial Intelligence,Choose generalist translators with no experience in video game,Choose native-speaking translators who are familiar with game mechanics
Are translations always identical regardless of the target platform of the game?,"Yes, everything is handled through a single translation",Yes. The only differences occur in marketing-related files,No. There are different terms related to the unique specifications of different hardware or the specific policies of different companies,It depends on the individual client's requirements,No. There are different terms related to the unique specifications of different hardware or the specific policies of different companies
"What does the technical term ""Aggro"" refer to?",An increase in a character's power,The grouping of several enemies,A term used for combos in fighting games,"It is short for ""aggravation"" or ""aggression"" and refers to the act of catching an enemy's attention","It is short for ""aggravation"" or ""aggression"" and refers to the act of catching an enemy's attention"
"What does the term ""Abandonware"" refer to?","A game that was announced, never released, but never cancelled",A game based on a license whose rights are no longer owned by anyone,"A game forgotten or abandoned by its developers for any reason, including copyright-related issues",A match abandoned by a player who was defeated by the game's excessive difficulty,"A game forgotten or abandoned by its developers for any reason, including copyright-related issues"
APM stands for:,Actions per minute,Updates per month,Anti-Personnel Munitions,Anti-Player Magic,Actions per minute
"The term ""Crunch"" refers to:",The level of crunchiness of a snack,The player's maximum effort before tackling the final mission,The power level of a melee attack,A work practice involving exhausting overtime shifts to meet deadlines,A work practice involving exhausting overtime shifts to meet deadlines
"The expression ""Games as a Service"" refers to:",A business model in which games receive long-term updates based on a recurring revenue model,A business model in which games are sold as a one-time purchase and then receive little additional content,A genre of games that simulates services found in everyday life,A subscription service offering a catalog of games that can be played freely,A business model in which games receive long-term updates based on a recurring revenue model
"In which games can you find a ""Note Highway""?",Scrolling shooters,Fighting games,Rhythm games,Football/soccer simulators,Rhythm games
"What does the expression ""Palette swap"" refer to?",A technique that replaces characters' hands with paddles,"A technique that turns certain graphical elements of the game into ""balls""","A technique that changes the colors of otherwise identical sprites, used to save resources or data space",A technique used in fighting games that swaps characters' special moves on screen,"A technique that changes the colors of otherwise identical sprites, used to save resources or data space"
"What does the expression ""Rubber banding"" refer to?",A weapon in scrolling shooters that can be charged by holding down a command,A mechanic that alters game rules to dynamically balance difficulty,An ability that allows a character to heal using a rubbery object,The unnatural stretching effect of the limbs of a polygonal model,A mechanic that alters game rules to dynamically balance difficulty
"What does the term ""Smurf"" refer to?",A new or low-level account compared to the main account of highly experienced players,A short-statured character in an action game,An extremely short video game,A tactic used in RTS games to defeat a powerful enemy by exploiting numerical superiority,A new or low-level account compared to the main account of highly experienced players
"What does the term ""Trackball"" refer to?",A gaming device that allows players to track the movements of an enemy target,The technical term developers use for the ball in sports video games,"A type of video game controller based on a ball, generally used in some older arcade cabine",A list of musical tracks that can be played in rhythm games,"A type of video game controller based on a ball, generally used in some older arcade cabine"
Quali proprietà dell'oggetto vanno applicate prima dell'esportazione?,Location e Rotation,Scale,Tutti i transform,Rotation e Scale,Rotation e Scale
In cosa si differenziano principalmente un file .obj e un file .fbx?,Dal numero di poligoni,Dalle proprietà dei transform,Dalla presenza di un Rig,Dalle textures,Dalla presenza di un Rig
"Quale voce va attivata nel pannello di import di Unreal Engine per importare correttamente degli ""Shape Keys""?",Import as Skeletal Mesh,Generate Lightmap Uvs,Import Morph Targets,Create Material,Import Morph Targets
In che formato di lettura va esportata una Normal Map per essere letta correttamente all'interno di Unreal Engine?,OpenGL,Eevee,ORM,DirectX,DirectX
Quale formato di file è più raccomandato per esportare modelli statici (Static Meshes) da Blender a Unreal Engine?,STL,PLY,FBX,OBJ,FBX
Qual è lo scopo principale del secondo canale UV (UV Channel 1) per una Static Mesh in Unreal Engine?,Generare le Lightmap,Creare animazioni procedurali,Controllare la visibilità del modello,Colorare l'oggetto,Generare le Lightmap
Quale impostazione va controllata nella finestra di importazione di UE poiché le normali sono correttamente interpretate?,Skeletal mesh,Import materials,Import normals,Generate missing UVs,Import normals
Quale tipo di mesh in Unreal Engine è ottimale per i modelli organici e animati?,Skeletal Mesh,Static Mesh,Procedural Mesh,Cube,Skeletal Mesh
"Per un modello animato, quale elemento deve essere incluso nel file FBX per essere riconosciuto da Unreal Engine?",Armature,UV Map,Materiali,Vertici,Armature
Cosa si dovrebbe fare per risolvere un problema di 'inverted normals' dopo aver importato un modello da Blender a UE?,Cambiare l'unità di misura in Unreal Engine,Ricalcolare le normali all'interno di Unreal Engine,Rimuovere tutti i materiali dal modello,Flip delle facce in Blender (o simili) prima dell'esportazione,Flip delle facce in Blender (o simili) prima dell'esportazione
Quale opzione nella finestra di esportazione FBX di Blender ti permette di esportare solo gli oggetti selezionati nella scena?,Embed textures,Limit to Scene,Apply Modifiers,Selected Objects,Selected Objects
"Se si importa un file FBX contenente più mesh separate da Blender, come le gestisce UE per impostazione predefinita?",Le unisce automaticamente in una singola static mesh,Importa ogni mesh come un asset separato,Le raggruppa in una cartella,Le importa come singolo oggetto con materiali multipli,Importa ogni mesh come un asset separato
Come va impostata una Texture ORM affinché UE la legga correttamente?,Come Normal Map,Come Mask,Non va cambiato nulla,Come materiale,Come Mask
Qual è l'asse frontale di un oggetto nelle impostazioni di esportazione di Blender per una corretta visualizzazione in UE?,Z,X,-Y,-Z,-Y
Che cos'è una texture ORM?,"Una texture contenente Opacity, Roundness, Material","Una texture contenente obj, Roughness, Movement","Una texture contenente Object, Rotation, Material","Una texture contenente Ambient Occlusion, Roughness, Metallic","Una texture contenente Ambient Occlusion, Roughness, Metallic"
Quale dei seguenti software è noto principalmente per la scultura digitale ad alta risoluzione?,Blender,AutoCAD,Substance Painter,ZBrush,ZBrush
"In Blender, quale modalità permette di manipolare singoli vertici, spigoli o facce?",Sculpt Mode,Object Mode,Edit Mode,Texture Paint Mode,Edit Mode
Come viene chiamato il sistema gerarchico che utilizza Substance Painter per applicare materiali e colori ai modelli 3D?,UV Wrapping,Layer-Based Workflow,PBR (Physically Based Rendering),Texture Baking,Layer-Based Workflow
Quale termine in ZBrush si riferisce a un oggetto 3D con topologia dinamica e adattabile?,ZRemesher,SubTools,Polygroups,Dynamesh,Dynamesh
"In Blender, qual è il nome del motore di rendering che fornisce un'immagine più realistica?",Blender Internal,Cycles,OpenGL,Eevee,Cycles
Qual è il principale vantaggio di utilizzare Substance Painter per la texturizzazione?,Permette la pittura e la texturizzazione non distruttiva,È un software di animazione,Permette rendering fotorealistici,Permette la modellazione 3D,Permette la pittura e la texturizzazione non distruttiva
"In ZBrush, quale strumento ti permette di creare una mesh semplificata da una mesh ad alta risoluzione?",Transpose,Project All,Live Boolean,ZRemesher,ZRemesher
Quale strumento si usa per unire due vertici?,Poke,Rip,Merge,Slide,Merge
"In Substance Painter, cosa sono gli 'Smart Materials'?",Materiali che permettono di creare animazioni,Materiali che si adattano al modello in base a maschere generate automaticamente,Materiali che creano la topologia della mesh in automatico,Materiali che reagiscono alla luce in modo intelligente,Materiali che si adattano al modello in base a maschere generate automaticamente
Quale funzionalità di ZBrush permette di creare una serie di geometrie con una singola pennellata?,Insert Mesh Brush (IMM),ZModeler,ZSphere,Curve,Insert Mesh Brush (IMM)
"In Blender, qual è il nome del modificatore che genera automaticamente una copia simmetrica di un oggetto o di una mesh?",Mirror,Array,Subdivision Surface,Solidify,Mirror
Quale set di textures è essenziale per un workflow PBR (Physically Based Rendering)?,"Diffuse, Specular, Glossiness","Wireframe, Cavity, Position","Ambient Occlusion, Emission, Height","Albedo, Normal, Roughness, Metallic","Albedo, Normal, Roughness, Metallic"
"In ZBrush, quale strumento permette di ritagliare parti di una mesh utilizzando un pennello?",Clip Curve,Masking,Trim,Slice Curve,Slice Curve
Qual è la funzione di una mappa UV?,Creare animazioni procedurali,Definire il colore dell'oggetto,Simulare la gravità su un oggetto,Mappare una texture 2D su una superficie 3D,Mappare una texture 2D su una superficie 3D
Quale strumento in Substance Painter permette di dipingere direttamente sull'oggetto 3D?,Brush,Smart Mask,Filter,Generator,Brush
"In ZBrush, che cosa rappresenta un 'Polygroup'?",Un gruppo di poligoni identificabili da un colore,Una selezione di vertici,Un singolo poligono,Un gruppo di texture,Un gruppo di poligoni identificabili da un colore
"Quale termine si riferisce a una 'bassa risoluzione' di una mesh, ovvero con meno poligoni?",Multiresolution,High Poly,Dynamesh,Low Poly,Low Poly
Qual è lo scopo principale della 'retopology' nella pipeline di modellazione 3D?,Creare una nuova mesh con una topologia pulita e ottimizzata,Ridurre il numero di poligoni senza perdere i dettagli visivi,Applicare texture e materiali a un modello,Aumentare il numero di poligoni per aggiungere dettagli,Creare una nuova mesh con una topologia pulita e ottimizzata
Qual è la differenza principale tra la modellazione 'Hard Surface' e quella 'Organica'?,"La modellazione organica utilizza superfici curve, mentre la hard surface usa solo poligoni",Non c'è differenza significativa,"La modellazione hard surface si fa con la scolpitura, mentre quella organica con la modellazione poligonale","La modellazione hard surface si concentra sulla creazione di oggetti inorganici, mentre quella organica sulla creazione di personaggi e creature","La modellazione hard surface si concentra sulla creazione di oggetti inorganici, mentre quella organica sulla creazione di personaggi e creature"
"In Blender, quale tipo di oggetto è un insieme di facce, spigoli e vertici che compongono la geometria di un modello?",Light,Mesh,Curve,Empty,Mesh
Substance Painter utilizza un sistema di 'Baking'. A cosa serve principalmente?,Generare texture ad alta risoluzione da un modello Low Poly,Creare il modello 3D,Animare un modello,Esportare il modello finale,Generare texture ad alta risoluzione da un modello Low Poly
"Nella modellazione 3D, cosa rappresenta un vertice?",Una faccia dell'oggetto 3D,ll punto di intersezione tra due o più lati,La linea che connette due facce,Un'operazione matematica per combinare le geometrie,ll punto di intersezione tra due o più lati
"In Blender, qual è il nome del motore di rendering che si basa su una simulazione della luce in tempo reale?",Workbench,Eevee,Cycles,LuxCoreRender,Eevee
"A che cosa serve una mappa ""Normal""?",A definire la ruvidità della superficie,A dare un colore al modello,Ad aggiungere un effetto di emissività,A simulare dettagli della geometria,A simulare dettagli della geometria
"In ZBrush, quale strumento permette di posizionare un modello con una topologia complessa in modo rapido e intuitivo?",Transpose Master,Live Boolean,ZRemesher,ZSphere,Transpose Master
"In Blender, qual è la funzione di un 'Armature'?",Generare un'animazione di particelle,Simulare i fluidi,Creare una texture procedurale,Creare un sistema di ossa per animare una mesh,Creare un sistema di ossa per animare una mesh
"In Substance Painter, cosa sono i 'Generator'?",Strumenti per generare modelli 3D,Pennelli per la pittura manuale,Strumenti che generano maschere procedurali basate sulla geometria,Strumenti per l'esportazione delle textures,Strumenti che generano maschere procedurali basate sulla geometria
"In ZBrush, quale dei seguenti è il concetto di 'dividere un poligono in più poligoni per aumentare i dettagli'?",Subdivision,Decimation,Live Boolean,Retopology,Subdivision
"In Blender, a cosa serve il modificatore 'Solidify'?",Aggiungere spessore a una mesh,Creare una matrice di copie,Aggiungere dettagli ad un modello,Creare una copia speculare,Aggiungere spessore a una mesh
"Quale mappa gestisce la riflessione del modello, specificando se la superficie è lucida o opaca?",Normal Map,Emissive Map,Height Map,Roughness Map,Roughness Map
Cos'è un'operazione 'Booleana' nella modellazione 3D?,Un algoritmo per generare materiali procedurali,"Un metodo per unire, sottrarre o intersecare due o più mesh",Il processo di colorare un modello 3D,Un'operazione per animare la geometria di un oggetto,"Un metodo per unire, sottrarre o intersecare due o più mesh"
"In Blender, per unire due mesh separate in un unico oggetto, quale operazione si usa?",Join,Merge,Boolean,Separate,Join
"In Blender, a cosa serve il modificatore di ""Array""?",Aggiungere poligoni alla mesh,Smussare i lati di un oggetto,Creare copie di un oggetto,Texturizzare una mesh,Creare copie di un oggetto
Che cos'è un 'edge loop'?,Una linea che connette due vertici qualsiasi,ll punto centrale di una mesh,Un anello di spigoli che circonda una faccia,Una curva usata per creare una forma,Un anello di spigoli che circonda una faccia
A cosa serve una 'Ambient Occlusion Map' nel workflow di texturizzazione?,Simula l'ombra che si forma quando le superfici sono vicine,Aggiunge spessore a un modello,Simula la direzione di una fonte di luce,Definisce le aree del modello che emettono luce,Simula l'ombra che si forma quando le superfici sono vicine
"Choose the correct option to complete the sentence: ""I __ to school every morning.""",go,goes,going,gone,go
Complete the sentence with the correct form of the verb: “She __________ in London.”,live,lives,is living,"lived in London.""",lives
Which sentence is correct?,They don't play football every Sunday.,They doesn't play football every Sunday.,They play not football every Sunday.,They playing football every Sunday.,They don't play football every Sunday.
"Complete the sentence using the present continuous tense: ""I __________ (study) for my exams right now.”",study,am study,am studying,"is studying (study) for my exams right now.""",am studying
Choose the correct sentence in the present continuous:,He is watching TV at the moment.,He watch TV at the moment.,He watching TV at the moment.,He watched TV at the moment.,He is watching TV at the moment.
Fill in the blank with the correct form of the verb: “They __________ (play) football at the moment.”,play,are playing,will play,"played (play) football at the moment.""",are playing
Choose the correct sentence in the present perfect tense:,I have been to the cinema last night.,I have gone to the cinema yesterday.,I have seen that movie.,I have saw that movie.,I have seen that movie.
Complete the sentence using the present perfect tense: “We __________ (live) in this city for 10 years.”,have lived,have live,"lived (live) in this city for 10 years.""",have been living,have lived
"Which of the following sentences is incorrect? “Yesterday, we __________ (go) to the beach.”",She has already finished her homework.,I have never been to Japan.,They have ate dinner.,We have seen that movie before.,They have ate dinner.
"Choose the correct form of the verb to complete the sentence: ""Yesterday, we",went,goes,going,"gone (go) to the beach.""",went
Which sentence is in the past simple?,She will read a book.,She read a book yesterday.,She is reading a book.,She has read a book.,She read a book yesterday.
"Fill in the blank with the correct form of the verb: ""I __________ (not/like) the movie last night.”",didn't like,don't like,isn't like,"wasn't liked (not/like) the movie last night.""",didn't like
Choose the correct past tense form of the verb: “He __________ (begin) his work at 9 AM.”,began,begins,"begin (begin) his work at 9 AM.""",begun,began
"Complete the sentence with the correct form of the verb: ""She _____ (see) that movie last week.""",see,seen,saw,sees,saw
Choose the correct form of the verb for the following sentence: “We __________ (go) to Paris last summer.”,went,gone,go,"going (go) to Paris last summer.""",went
Complete the sentence with the correct future form: “I __________ (help) you with your homework tomorrow.”,will help,helps,am helping,"help (help) you with your homework tomorrow.""",will help
"Which sentence uses ""be going to"" to express a future intention?",I am going to see a movie later.,I will see a movie later.,I am seen a movie later.,I going to see a movie later.,I am going to see a movie later.
Fill in the blank with the correct form of the verb: “We __________ (have) a meeting at 2 PM tomorrow.”,will have,are having,have,"will has (have) a meeting at 2 PM tomorrow.""",are having
Choose the correct sentence using the present continuous for the future:,I am working next week.,I work next week.,I am going to work next week.,I will working next week.,I am working next week.
Fill in the blank with the correct form of the verb: “They __________ (fly) to Italy next month.”,will fly,are flying,fly,flew,are flying
Convertire da base 10 a base 2: 3054,0111 1110 1110,1011 1110 1110 с. 0011 1001 0101,,0001 1010 1010,1011 1110 1110 с. 0011 1001 0101
Convertire da base 10 a base 16: 63943,19BC,FAD4,F9C7,2A10,F9C7
Convertire da base 2 a base 16: 1010 1111 0111 0101,AF75,AE66,BC43,29FF,AF75
Sommare 0010 1111 e 1000 0101 (Codifica intera senza segno ad 8 bit),1011 0100,1011 0111 с. 1110 0100,,1011 0110,1011 0100
Eseguire la sottrazione in complemento a due tra 0111 0001 (113) e 0000 1100 (12),0111 0101,0110 1101 с. 0111 0111,,0110 0101,0110 0101
Eseguire la moltiplicazione binaria tra 0000 0111 0101 e 0000 0000 1000 (codifica intera senza segno a 12 bit),0011 1110 1100,0010 1011 1000,0011 1010 1000,0110 0101 0111,0011 1010 1000
"Convertire in virgola fissa 47.6875 (Codifica a 10 bit, mantissa: 6 bit, parte frazionaria 4 bit)","110100,1101","101111,1011","111011,1001","101010,0111","101111,1011"
La rappresentazione a virgola mobile in informatica...,utilizza una quantità fissa di bit per rappresentare numeri interi e frazionari.ha la posizione della virgola predefinita all'interno della rappresentazione binaria.,ha la posizione della virgola predefinita all'interno della rappresentazione binaria,"consente di rappresentare numeri con una precisione fissa, senza la possibilità di adattarsi
dinamicamente alla grandezza del numero.","ha la posizione della virgola che può variare dinamicamente, consentendo la
rappresentazione di numeri con una vasta gamma di grandezze e precisioni.","ha la posizione della virgola che può variare dinamicamente, consentendo la
rappresentazione di numeri con una vasta gamma di grandezze e precisioni."
"Tradurre in formula booleana la seguente frase: ""Se conosci l'inglese o il francese e hai una laurea in chimica o una laurea in biologia o almeno due anni di esperienza nel settore farmaceutico allora puoi candidarti per la posizione indicata""",(I or F) and (LC or LB or E),(I or F) and LC and LB and E,(I and F) or (LC or LB or E),(I or F) and (LC or LB) and E,(I or F) and (LC or LB or E)
A cosa serve la direttiva #include,Per dichiarare una variabile,Per includere un file o una libreria in un programma C++,Per definire una funzione,Per includere un commento,Per includere un file o una libreria in un programma C++
Cosa succede se assegno ad una variabile intera un valore decimale. Es: int $x=5.4$;,Viene arrotondato il valore decimale alla parte intera più vicina,Viene assegnato il valore decimale alla variabile senza alcuna modifica,Viene troncato il valore decimale e viene assegnata solo la parte intera alla variabile,Viene generato un errore di compilazione,Viene troncato il valore decimale e viene assegnata solo la parte intera alla variabile
Cosa succede se assegno un numero negativo ad una variabile unsigned. Es: unsigned int $x=-1$;,Viene assegnato il valore negativo -10 alla variabile,La sequenza binaria associata a -1 viene assegnata alla variabile e poi interpretata come intero senza segno (65535),Viene generato un errore di compilazione,"Viene assegnato il valore di default, ovvero 0",La sequenza binaria associata a -1 viene assegnata alla variabile e poi interpretata come intero senza segno (65535)
Una variabile locale...,ha un ambito di visibilità limitato al blocco di codice in cui è stata dichiarata,può essere accessibile da qualsiasi parte del programma,assume dimensioni diverse a seconda della piattaforma,non può mai essere modificata dopo essere stata inizializzata,ha un ambito di visibilità limitato al blocco di codice in cui è stata dichiarata
Un ciclo for...,è utilizzato solo per cicli infiniti,non è adatto per iterare attraverso gli elementi di una stringa,"consente di eseguire un blocco di istruzioni un numero definito di volte, specificato tramite un'espressione di controllo",garantisce almeno una iterazione del ciclo,"consente di eseguire un blocco di istruzioni un numero definito di volte, specificato tramite un'espressione di controllo"
Un effetto collaterale...,è un errore di compilazione,è il valore restituito da una funzione,è un operatore logico fondamentale,è una modifica o un effetto imprevisto che la funzione produce oltre al suo output principale,è una modifica o un effetto imprevisto che la funzione produce oltre al suo output principale
La Forward Declaration...,è una dichiarazione che può essere utilizzata solo per le variabili locali,è una dichiarazione anticipata di una funzione o di una classe prima della sua effettiva definizione,può essere usata solo nei cicli for,permette di avere più variabili con lo stesso nome,è una dichiarazione anticipata di una funzione o di una classe prima della sua effettiva definizione
"Nella definizione di pipeline di produzione, quale affermazione più corretta?",E' esclusivamente l'insieme dei software utilizzati dallo studio,"E' la combinazione di persone, processi e strumenti che permette al lavoro di fluire dall'idea al finito",E' il documento che descrive le meccaniche di gioco,E' il reparto che si occupa dell'ottimizzazione delle performance a runtime,"E' la combinazione di persone, processi e strumenti che permette al lavoro di fluire dall'idea al finito"
Qual è l'obiettivo principale di un asset management system all'interno di una pipeline?,Rendere più veloce il rendering delle build notturne,Comprimere le texture per ridurre l'occupazione su disco,"Tracciare asset, versione, dipendenze e metadati cosi che ogni reparto sappia sempre quale file usare",Sostituire il project manager nella pianificazione delle milestone,"Tracciare asset, versione, dipendenze e metadati cosi che ogni reparto sappia sempre quale file usare"
Perchè le convenzioni di naming sono un elemento fondamentale della pipeline e non un dettaglio estetico?,"Perchè nomi coerenti e prevedibili rendono possibile l'automazione, la ricerca e il parsing programmatico degli asset",Perchè i motori di gioco rifiutano i file con nomi contenenti lettere maiuscole,Perchè riducono la dimensione del repository,Perchè sono un requisito imposto dai publisher per la certificazione console,"Perchè nomi coerenti e prevedibili rendono possibile l'automazione, la ricerca e il parsing programmatico degli asset"
"Nel ciclo di lavorazione di un asset, cosa distingue un file di lavoro (work) da un asset pubblicato (published)?","Il file di lavoro è in formato binario, quello pubblicato in formato testuale","Il file di lavoro appartiene all'artista e cambia liberamente, mentre il pubblicato è una versione stabile e approvata su cui gli altri reparti costruiscono","Il file di lavoro è salvato in locale, il pubblicato è sempre su cloud pubblico",Non c'è differenza sostanziale: sono due nomi per lo stesso concetto,"Il file di lavoro appartiene all'artista e cambia liberamente, mentre il pubblicato è una versione stabile e approvata su cui gli altri reparti costruiscono"
Cosa si intende per dipendenza (dependency) tra asset e perchè tracciarla è critico?,L'ordine alfabetico con cui gli asset vengono caricati in memoria,Il legame contrattuale tra studio e outsourcer per un determinato asset,"La relazione per cui un asset ne referenzia un altro, così che aggiornando quelle a monte si sappia cosa a valle va ricontrollato",Il numero di poligoni che un modello eredita dal proprio LOD superiore,"La relazione per cui un asset ne referenzia un altro, così che aggiornando quelle a monte si sappia cosa a valle va ricontrollato"
Qual è il ruolo tipico di un Pipeline TD (Technical Director) in uno studio?,Definire la direzione artistica e approvare il look degli asset,"Fare da ponte tra reparti artistici e tecnici, sviluppando tool e automazioni che riducono attrito e lavoro manuale","Gestire budget,contratti e rapporti con il publisher",Occuparsi in via esclusiva del controllo qualità sulle build candidate,"Fare da ponte tra reparti artistici e tecnici, sviluppando tool e automazioni che riducono attrito e lavoro manuale"
"Rispetto al cinema, quale vincolo caratterizza in modo distintivo la pipeline di un videogioco?","Gli asset vanno valutati anche sul budget di performance in tempo reale, non solo sulla qualità visiva del frame finale",Non serve alcun sistema di versionamento perchè il contenuto è interattivo,Le fasi di produzione sono strettamente sequenziali e non ammettono iterazione,Gli asset vengono prodotti una sola volta e non sono più modificati dopo l'approvazione,"Gli asset vanno valutati anche sul budget di performance in tempo reale, non solo sulla qualità visiva del frame finale"
Perchè nella progettazione di una pipeline si insiste sull'idea di iterazione rapida (fast iteration)?,Perchè permette di consegnare il progetto senza fase di pre-produzione,Perchè ridurre il tempo tra una modifica e il vederne l'effetto in gioco aumenta i cicli di raffinamento possibili a parità di budget,Perchè consente di evitare del tutto le revisioni con il team di direzione,Perchè diminuisce il numero di asset necessari al progetto,Perchè ridurre il tempo tra una modifica e il vederne l'effetto in gioco aumenta i cicli di raffinamento possibili a parità di budget
A cosa serve principalmente un sistema di production tracking rispetto all'asset management?,A memorizzare i file binari degli asset e le loro versioni,A convertire automaticamente i formati tra i vari DCC,"A dare visibilità su chi sta facendo cosa, a che punto è e cosa blocca cosa, supportando le decisioni di scheduling",A generare le build di gioco sulle diverse piattaforme,"A dare visibilità su chi sta facendo cosa, a che punto è e cosa blocca cosa, supportando le decisioni di scheduling"
Quale approccio è considerato più sano quando si progetta o si evolve una pipeline in uno studio?,"Adottare in blocco la pipeline di uno studio più grande, replicandola così com'è","Costruire il sistema completo prima della produzione e poi non toccarlo più, per garantire stabilità","Lasciare che ogni reparto sviluppo i propri strumenti in autonomia, senza standard condivisi","Partire dai colli di bottiglia reali del team, intervenire in modo incrementale e mantenere la pipeline modulare","Partire dai colli di bottiglia reali del team, intervenire in modo incrementale e mantenere la pipeline modulare"
"In Unreal Engine, chi si occupa di ""guidare"" un NPC, cioè di prendere le decisioni al posto del giocatore?",Il Game Mode,L' Al Controller,II Player Controller,L'Animation Blueprint,L' Al Controller
Che cos'è un Behavior Tree?,Una struttura ad albero che descrive come I'NPC sceglie cosa fare,Un grado che gestisce le transizioni tra animazioni,Una mappa di tutti gli oggetti presenti nel livello,Un sistema per organizzare le cartelle del progetto,Una struttura ad albero che descrive come I'NPC sceglie cosa fare
A cosa serve la Blackboard associata a un Behavior Tree?,A disegnare i percorsi dell'NPC nel livello,A registrare i log di debug dell'Al,"A contenere le variabili che l'albero legge e scrive, come il bersaglio corrente",A definire la velocità di movimento del personaggio,"A contenere le variabili che l'albero legge e scrive, come il bersaglio corrente"
Come si comporta un nodo Sequence in un Behavior Tree?,Esegue tutti i figli contemporaneamente,Esegue i figli in ordine e si ferma al primo che fallisce,Esegue un figlio scelto a caso,Esegue solo l'ultimo figlio dell'elenco,Esegue i figli in ordine e si ferma al primo che fallisce
E un nodo Selector?,Prova i figli in ordine e si ferma al primo che riesce,Esegue un figlio scelto a caso,Seleziona il figlio scelto a caso,Interrompe l'albero se un figlio fallisce,Prova i figli in ordine e si ferma al primo che riesce
A cosa serve un Decorator in un Behavior Tree?,A cambiare l'aspetto grafico dei nodi nell'editor,A eseguire codice ogni frame indipendentemente dall'albero,A collegare l'albero all'Animation Blueprint,A fare da condizione: consente o blocca l'esecuzione di un ramo,A fare da condizione: consente o blocca l'esecuzione di un ramo
A cosa serve l'Environment Query System (EQS)?,A far parlare tra loro più NPC,A scegliere il punto o l'attore migliore nell'ambiente in base e dei criteri,A caricare in memoria le porzioni di livello vicine al giocatore,A registrare le collisioni tra NPC e scenario,A scegliere il punto o l'attore migliore nell'ambiente in base e dei criteri
"Come è strutturata, in sostanza, una query EQS?",Un elenco fisso di posizioni scritte a mano dal designer,Una sequenza di animazione valutate una dopo l'altra,Un generatore che propone dei candidati e dei test che li valutano con un punteggio,Una singola linea di raycast dal personaggio verso il bersaglio,Un generatore che propone dei candidati e dei test che li valutano con un punteggio
"Nel sistema di Al Perception, cosa serve perchè un attore possa essere visto o sentito da un NPC?","Deve avere un Al Stimuli Source Component, oppure essere registrato come sorgente di stimoli",Deve essere posizionato dentro un Nav Mesh Bounds Volume,Deve avere un Decorator collegato al Behavior Tree,Deve essere impostato come Static nel livello,"Deve avere un Al Stimuli Source Component, oppure essere registrato come sorgente di stimoli"
Cos'è A* (A - star)?,Un formato di file per salvare le mappe di navigazione,Un algoritmo che cerca il percorso più breve tra due punti,Un tipo di nodo del Behavior Tree,Un sensore del sistema di percezione,Un algoritmo che cerca il percorso più breve tra due punti
